--
-- PostgreSQL database cluster dump
--

SET default_transaction_read_only = off;

SET client_encoding = 'UTF8';
SET standard_conforming_strings = on;

--
-- Roles
--

CREATE ROLE anon;
ALTER ROLE anon WITH NOSUPERUSER INHERIT NOCREATEROLE NOCREATEDB NOLOGIN NOREPLICATION NOBYPASSRLS;
CREATE ROLE authenticated;
ALTER ROLE authenticated WITH NOSUPERUSER INHERIT NOCREATEROLE NOCREATEDB NOLOGIN NOREPLICATION NOBYPASSRLS;
CREATE ROLE authenticator;
ALTER ROLE authenticator WITH NOSUPERUSER NOINHERIT NOCREATEROLE NOCREATEDB LOGIN NOREPLICATION NOBYPASSRLS;
CREATE ROLE dashboard_user;
ALTER ROLE dashboard_user WITH NOSUPERUSER INHERIT CREATEROLE CREATEDB NOLOGIN REPLICATION NOBYPASSRLS;
CREATE ROLE pgbouncer;
ALTER ROLE pgbouncer WITH NOSUPERUSER INHERIT NOCREATEROLE NOCREATEDB LOGIN NOREPLICATION NOBYPASSRLS;
CREATE ROLE pgsodium_keyholder;
ALTER ROLE pgsodium_keyholder WITH NOSUPERUSER INHERIT NOCREATEROLE NOCREATEDB NOLOGIN NOREPLICATION NOBYPASSRLS;
CREATE ROLE pgsodium_keyiduser;
ALTER ROLE pgsodium_keyiduser WITH NOSUPERUSER INHERIT NOCREATEROLE NOCREATEDB NOLOGIN NOREPLICATION NOBYPASSRLS;
CREATE ROLE pgsodium_keymaker;
ALTER ROLE pgsodium_keymaker WITH NOSUPERUSER INHERIT NOCREATEROLE NOCREATEDB NOLOGIN NOREPLICATION NOBYPASSRLS;
CREATE ROLE postgres;
ALTER ROLE postgres WITH NOSUPERUSER INHERIT CREATEROLE CREATEDB LOGIN REPLICATION BYPASSRLS;
CREATE ROLE service_role;
ALTER ROLE service_role WITH NOSUPERUSER INHERIT NOCREATEROLE NOCREATEDB NOLOGIN NOREPLICATION BYPASSRLS;
CREATE ROLE supabase_admin;
ALTER ROLE supabase_admin WITH SUPERUSER INHERIT CREATEROLE CREATEDB LOGIN REPLICATION BYPASSRLS;
CREATE ROLE supabase_auth_admin;
ALTER ROLE supabase_auth_admin WITH NOSUPERUSER NOINHERIT CREATEROLE NOCREATEDB LOGIN NOREPLICATION NOBYPASSRLS;
CREATE ROLE supabase_read_only_user;
ALTER ROLE supabase_read_only_user WITH NOSUPERUSER INHERIT NOCREATEROLE NOCREATEDB LOGIN NOREPLICATION BYPASSRLS;
CREATE ROLE supabase_realtime_admin;
ALTER ROLE supabase_realtime_admin WITH NOSUPERUSER NOINHERIT NOCREATEROLE NOCREATEDB NOLOGIN NOREPLICATION NOBYPASSRLS;
CREATE ROLE supabase_replication_admin;
ALTER ROLE supabase_replication_admin WITH NOSUPERUSER INHERIT NOCREATEROLE NOCREATEDB LOGIN REPLICATION NOBYPASSRLS;
CREATE ROLE supabase_storage_admin;
ALTER ROLE supabase_storage_admin WITH NOSUPERUSER NOINHERIT CREATEROLE NOCREATEDB LOGIN NOREPLICATION NOBYPASSRLS;

--
-- User Configurations
--

--
-- User Config "anon"
--

ALTER ROLE anon SET statement_timeout TO '3s';

--
-- User Config "authenticated"
--

ALTER ROLE authenticated SET statement_timeout TO '8s';

--
-- User Config "authenticator"
--

ALTER ROLE authenticator SET session_preload_libraries TO 'safeupdate';
ALTER ROLE authenticator SET statement_timeout TO '8s';
ALTER ROLE authenticator SET lock_timeout TO '8s';

--
-- User Config "postgres"
--

ALTER ROLE postgres SET search_path TO E'\\$user', 'public', 'extensions';

--
-- User Config "supabase_admin"
--

ALTER ROLE supabase_admin SET search_path TO '$user', 'public', 'auth', 'extensions';

--
-- User Config "supabase_auth_admin"
--

ALTER ROLE supabase_auth_admin SET search_path TO 'auth';
ALTER ROLE supabase_auth_admin SET idle_in_transaction_session_timeout TO '60000';

--
-- User Config "supabase_storage_admin"
--

ALTER ROLE supabase_storage_admin SET search_path TO 'storage';


--
-- Role memberships
--

GRANT anon TO authenticator GRANTED BY postgres;
GRANT anon TO postgres GRANTED BY supabase_admin;
GRANT authenticated TO authenticator GRANTED BY postgres;
GRANT authenticated TO postgres GRANTED BY supabase_admin;
GRANT authenticator TO supabase_storage_admin GRANTED BY supabase_admin;
GRANT pg_monitor TO postgres GRANTED BY supabase_admin;
GRANT pg_read_all_data TO postgres GRANTED BY supabase_admin;
GRANT pg_read_all_data TO supabase_read_only_user GRANTED BY postgres;
GRANT pg_signal_backend TO postgres GRANTED BY supabase_admin;
GRANT pgsodium_keyholder TO pgsodium_keymaker GRANTED BY supabase_admin;
GRANT pgsodium_keyholder TO postgres WITH ADMIN OPTION GRANTED BY supabase_admin;
GRANT pgsodium_keyholder TO service_role GRANTED BY supabase_admin;
GRANT pgsodium_keyiduser TO pgsodium_keyholder GRANTED BY supabase_admin;
GRANT pgsodium_keyiduser TO pgsodium_keymaker GRANTED BY supabase_admin;
GRANT pgsodium_keyiduser TO postgres WITH ADMIN OPTION GRANTED BY supabase_admin;
GRANT pgsodium_keymaker TO postgres WITH ADMIN OPTION GRANTED BY supabase_admin;
GRANT service_role TO authenticator GRANTED BY postgres;
GRANT service_role TO postgres GRANTED BY supabase_admin;
GRANT supabase_auth_admin TO postgres GRANTED BY supabase_admin;
GRANT supabase_realtime_admin TO postgres GRANTED BY supabase_admin;
GRANT supabase_storage_admin TO postgres GRANTED BY supabase_admin;






--
-- Databases
--

--
-- Database "template1" dump
--

\connect template1

--
-- PostgreSQL database dump
--

-- Dumped from database version 15.1 (Ubuntu 15.1-1.pgdg20.04+1)
-- Dumped by pg_dump version 15.7 (Debian 15.7-1.pgdg110+1)

SET statement_timeout = 0;
SET lock_timeout = 0;
SET idle_in_transaction_session_timeout = 0;
SET client_encoding = 'UTF8';
SET standard_conforming_strings = on;
SELECT pg_catalog.set_config('search_path', '', false);
SET check_function_bodies = false;
SET xmloption = content;
SET client_min_messages = warning;
SET row_security = off;

--
-- PostgreSQL database dump complete
--

--
-- Database "postgres" dump
--

\connect postgres

--
-- PostgreSQL database dump
--

-- Dumped from database version 15.1 (Ubuntu 15.1-1.pgdg20.04+1)
-- Dumped by pg_dump version 15.7 (Debian 15.7-1.pgdg110+1)

SET statement_timeout = 0;
SET lock_timeout = 0;
SET idle_in_transaction_session_timeout = 0;
SET client_encoding = 'UTF8';
SET standard_conforming_strings = on;
SELECT pg_catalog.set_config('search_path', '', false);
SET check_function_bodies = false;
SET xmloption = content;
SET client_min_messages = warning;
SET row_security = off;

--
-- Name: auth; Type: SCHEMA; Schema: -; Owner: supabase_admin
--

CREATE SCHEMA auth;


ALTER SCHEMA auth OWNER TO supabase_admin;

--
-- Name: extensions; Type: SCHEMA; Schema: -; Owner: postgres
--

CREATE SCHEMA extensions;


ALTER SCHEMA extensions OWNER TO postgres;

--
-- Name: graphql; Type: SCHEMA; Schema: -; Owner: supabase_admin
--

CREATE SCHEMA graphql;


ALTER SCHEMA graphql OWNER TO supabase_admin;

--
-- Name: graphql_public; Type: SCHEMA; Schema: -; Owner: supabase_admin
--

CREATE SCHEMA graphql_public;


ALTER SCHEMA graphql_public OWNER TO supabase_admin;

--
-- Name: pgbouncer; Type: SCHEMA; Schema: -; Owner: pgbouncer
--

CREATE SCHEMA pgbouncer;


ALTER SCHEMA pgbouncer OWNER TO pgbouncer;

--
-- Name: pgsodium; Type: SCHEMA; Schema: -; Owner: supabase_admin
--

CREATE SCHEMA pgsodium;


ALTER SCHEMA pgsodium OWNER TO supabase_admin;

--
-- Name: pgsodium; Type: EXTENSION; Schema: -; Owner: -
--

CREATE EXTENSION IF NOT EXISTS pgsodium WITH SCHEMA pgsodium;


--
-- Name: EXTENSION pgsodium; Type: COMMENT; Schema: -; Owner: 
--

COMMENT ON EXTENSION pgsodium IS 'Pgsodium is a modern cryptography library for Postgres.';


--
-- Name: realtime; Type: SCHEMA; Schema: -; Owner: supabase_admin
--

CREATE SCHEMA realtime;


ALTER SCHEMA realtime OWNER TO supabase_admin;

--
-- Name: storage; Type: SCHEMA; Schema: -; Owner: supabase_admin
--

CREATE SCHEMA storage;


ALTER SCHEMA storage OWNER TO supabase_admin;

--
-- Name: vault; Type: SCHEMA; Schema: -; Owner: supabase_admin
--

CREATE SCHEMA vault;


ALTER SCHEMA vault OWNER TO supabase_admin;

--
-- Name: pg_graphql; Type: EXTENSION; Schema: -; Owner: -
--

CREATE EXTENSION IF NOT EXISTS pg_graphql WITH SCHEMA graphql;


--
-- Name: EXTENSION pg_graphql; Type: COMMENT; Schema: -; Owner: 
--

COMMENT ON EXTENSION pg_graphql IS 'pg_graphql: GraphQL support';


--
-- Name: pg_stat_statements; Type: EXTENSION; Schema: -; Owner: -
--

CREATE EXTENSION IF NOT EXISTS pg_stat_statements WITH SCHEMA extensions;


--
-- Name: EXTENSION pg_stat_statements; Type: COMMENT; Schema: -; Owner: 
--

COMMENT ON EXTENSION pg_stat_statements IS 'track planning and execution statistics of all SQL statements executed';


--
-- Name: pgcrypto; Type: EXTENSION; Schema: -; Owner: -
--

CREATE EXTENSION IF NOT EXISTS pgcrypto WITH SCHEMA extensions;


--
-- Name: EXTENSION pgcrypto; Type: COMMENT; Schema: -; Owner: 
--

COMMENT ON EXTENSION pgcrypto IS 'cryptographic functions';


--
-- Name: pgjwt; Type: EXTENSION; Schema: -; Owner: -
--

CREATE EXTENSION IF NOT EXISTS pgjwt WITH SCHEMA extensions;


--
-- Name: EXTENSION pgjwt; Type: COMMENT; Schema: -; Owner: 
--

COMMENT ON EXTENSION pgjwt IS 'JSON Web Token API for Postgresql';


--
-- Name: supabase_vault; Type: EXTENSION; Schema: -; Owner: -
--

CREATE EXTENSION IF NOT EXISTS supabase_vault WITH SCHEMA vault;


--
-- Name: EXTENSION supabase_vault; Type: COMMENT; Schema: -; Owner: 
--

COMMENT ON EXTENSION supabase_vault IS 'Supabase Vault Extension';


--
-- Name: uuid-ossp; Type: EXTENSION; Schema: -; Owner: -
--

CREATE EXTENSION IF NOT EXISTS "uuid-ossp" WITH SCHEMA extensions;


--
-- Name: EXTENSION "uuid-ossp"; Type: COMMENT; Schema: -; Owner: 
--

COMMENT ON EXTENSION "uuid-ossp" IS 'generate universally unique identifiers (UUIDs)';


--
-- Name: aal_level; Type: TYPE; Schema: auth; Owner: supabase_auth_admin
--

CREATE TYPE auth.aal_level AS ENUM (
    'aal1',
    'aal2',
    'aal3'
);


ALTER TYPE auth.aal_level OWNER TO supabase_auth_admin;

--
-- Name: code_challenge_method; Type: TYPE; Schema: auth; Owner: supabase_auth_admin
--

CREATE TYPE auth.code_challenge_method AS ENUM (
    's256',
    'plain'
);


ALTER TYPE auth.code_challenge_method OWNER TO supabase_auth_admin;

--
-- Name: factor_status; Type: TYPE; Schema: auth; Owner: supabase_auth_admin
--

CREATE TYPE auth.factor_status AS ENUM (
    'unverified',
    'verified'
);


ALTER TYPE auth.factor_status OWNER TO supabase_auth_admin;

--
-- Name: factor_type; Type: TYPE; Schema: auth; Owner: supabase_auth_admin
--

CREATE TYPE auth.factor_type AS ENUM (
    'totp',
    'webauthn'
);


ALTER TYPE auth.factor_type OWNER TO supabase_auth_admin;

--
-- Name: one_time_token_type; Type: TYPE; Schema: auth; Owner: supabase_auth_admin
--

CREATE TYPE auth.one_time_token_type AS ENUM (
    'confirmation_token',
    'reauthentication_token',
    'recovery_token',
    'email_change_token_new',
    'email_change_token_current',
    'phone_change_token'
);


ALTER TYPE auth.one_time_token_type OWNER TO supabase_auth_admin;

--
-- Name: action; Type: TYPE; Schema: realtime; Owner: supabase_admin
--

CREATE TYPE realtime.action AS ENUM (
    'INSERT',
    'UPDATE',
    'DELETE',
    'TRUNCATE',
    'ERROR'
);


ALTER TYPE realtime.action OWNER TO supabase_admin;

--
-- Name: equality_op; Type: TYPE; Schema: realtime; Owner: supabase_admin
--

CREATE TYPE realtime.equality_op AS ENUM (
    'eq',
    'neq',
    'lt',
    'lte',
    'gt',
    'gte',
    'in'
);


ALTER TYPE realtime.equality_op OWNER TO supabase_admin;

--
-- Name: user_defined_filter; Type: TYPE; Schema: realtime; Owner: supabase_admin
--

CREATE TYPE realtime.user_defined_filter AS (
	column_name text,
	op realtime.equality_op,
	value text
);


ALTER TYPE realtime.user_defined_filter OWNER TO supabase_admin;

--
-- Name: wal_column; Type: TYPE; Schema: realtime; Owner: supabase_admin
--

CREATE TYPE realtime.wal_column AS (
	name text,
	type_name text,
	type_oid oid,
	value jsonb,
	is_pkey boolean,
	is_selectable boolean
);


ALTER TYPE realtime.wal_column OWNER TO supabase_admin;

--
-- Name: wal_rls; Type: TYPE; Schema: realtime; Owner: supabase_admin
--

CREATE TYPE realtime.wal_rls AS (
	wal jsonb,
	is_rls_enabled boolean,
	subscription_ids uuid[],
	errors text[]
);


ALTER TYPE realtime.wal_rls OWNER TO supabase_admin;

--
-- Name: email(); Type: FUNCTION; Schema: auth; Owner: supabase_auth_admin
--

CREATE FUNCTION auth.email() RETURNS text
    LANGUAGE sql STABLE
    AS $$
  select 
  coalesce(
    nullif(current_setting('request.jwt.claim.email', true), ''),
    (nullif(current_setting('request.jwt.claims', true), '')::jsonb ->> 'email')
  )::text
$$;


ALTER FUNCTION auth.email() OWNER TO supabase_auth_admin;

--
-- Name: FUNCTION email(); Type: COMMENT; Schema: auth; Owner: supabase_auth_admin
--

COMMENT ON FUNCTION auth.email() IS 'Deprecated. Use auth.jwt() -> ''email'' instead.';


--
-- Name: jwt(); Type: FUNCTION; Schema: auth; Owner: supabase_auth_admin
--

CREATE FUNCTION auth.jwt() RETURNS jsonb
    LANGUAGE sql STABLE
    AS $$
  select 
    coalesce(
        nullif(current_setting('request.jwt.claim', true), ''),
        nullif(current_setting('request.jwt.claims', true), '')
    )::jsonb
$$;


ALTER FUNCTION auth.jwt() OWNER TO supabase_auth_admin;

--
-- Name: role(); Type: FUNCTION; Schema: auth; Owner: supabase_auth_admin
--

CREATE FUNCTION auth.role() RETURNS text
    LANGUAGE sql STABLE
    AS $$
  select 
  coalesce(
    nullif(current_setting('request.jwt.claim.role', true), ''),
    (nullif(current_setting('request.jwt.claims', true), '')::jsonb ->> 'role')
  )::text
$$;


ALTER FUNCTION auth.role() OWNER TO supabase_auth_admin;

--
-- Name: FUNCTION role(); Type: COMMENT; Schema: auth; Owner: supabase_auth_admin
--

COMMENT ON FUNCTION auth.role() IS 'Deprecated. Use auth.jwt() -> ''role'' instead.';


--
-- Name: uid(); Type: FUNCTION; Schema: auth; Owner: supabase_auth_admin
--

CREATE FUNCTION auth.uid() RETURNS uuid
    LANGUAGE sql STABLE
    AS $$
  select 
  coalesce(
    nullif(current_setting('request.jwt.claim.sub', true), ''),
    (nullif(current_setting('request.jwt.claims', true), '')::jsonb ->> 'sub')
  )::uuid
$$;


ALTER FUNCTION auth.uid() OWNER TO supabase_auth_admin;

--
-- Name: FUNCTION uid(); Type: COMMENT; Schema: auth; Owner: supabase_auth_admin
--

COMMENT ON FUNCTION auth.uid() IS 'Deprecated. Use auth.jwt() -> ''sub'' instead.';


--
-- Name: grant_pg_cron_access(); Type: FUNCTION; Schema: extensions; Owner: postgres
--

CREATE FUNCTION extensions.grant_pg_cron_access() RETURNS event_trigger
    LANGUAGE plpgsql
    AS $$
BEGIN
  IF EXISTS (
    SELECT
    FROM pg_event_trigger_ddl_commands() AS ev
    JOIN pg_extension AS ext
    ON ev.objid = ext.oid
    WHERE ext.extname = 'pg_cron'
  )
  THEN
    grant usage on schema cron to postgres with grant option;

    alter default privileges in schema cron grant all on tables to postgres with grant option;
    alter default privileges in schema cron grant all on functions to postgres with grant option;
    alter default privileges in schema cron grant all on sequences to postgres with grant option;

    alter default privileges for user supabase_admin in schema cron grant all
        on sequences to postgres with grant option;
    alter default privileges for user supabase_admin in schema cron grant all
        on tables to postgres with grant option;
    alter default privileges for user supabase_admin in schema cron grant all
        on functions to postgres with grant option;

    grant all privileges on all tables in schema cron to postgres with grant option;
    revoke all on table cron.job from postgres;
    grant select on table cron.job to postgres with grant option;
  END IF;
END;
$$;


ALTER FUNCTION extensions.grant_pg_cron_access() OWNER TO postgres;

--
-- Name: FUNCTION grant_pg_cron_access(); Type: COMMENT; Schema: extensions; Owner: postgres
--

COMMENT ON FUNCTION extensions.grant_pg_cron_access() IS 'Grants access to pg_cron';


--
-- Name: grant_pg_graphql_access(); Type: FUNCTION; Schema: extensions; Owner: supabase_admin
--

CREATE FUNCTION extensions.grant_pg_graphql_access() RETURNS event_trigger
    LANGUAGE plpgsql
    AS $_$
DECLARE
    func_is_graphql_resolve bool;
BEGIN
    func_is_graphql_resolve = (
        SELECT n.proname = 'resolve'
        FROM pg_event_trigger_ddl_commands() AS ev
        LEFT JOIN pg_catalog.pg_proc AS n
        ON ev.objid = n.oid
    );

    IF func_is_graphql_resolve
    THEN
        -- Update public wrapper to pass all arguments through to the pg_graphql resolve func
        DROP FUNCTION IF EXISTS graphql_public.graphql;
        create or replace function graphql_public.graphql(
            "operationName" text default null,
            query text default null,
            variables jsonb default null,
            extensions jsonb default null
        )
            returns jsonb
            language sql
        as $$
            select graphql.resolve(
                query := query,
                variables := coalesce(variables, '{}'),
                "operationName" := "operationName",
                extensions := extensions
            );
        $$;

        -- This hook executes when `graphql.resolve` is created. That is not necessarily the last
        -- function in the extension so we need to grant permissions on existing entities AND
        -- update default permissions to any others that are created after `graphql.resolve`
        grant usage on schema graphql to postgres, anon, authenticated, service_role;
        grant select on all tables in schema graphql to postgres, anon, authenticated, service_role;
        grant execute on all functions in schema graphql to postgres, anon, authenticated, service_role;
        grant all on all sequences in schema graphql to postgres, anon, authenticated, service_role;
        alter default privileges in schema graphql grant all on tables to postgres, anon, authenticated, service_role;
        alter default privileges in schema graphql grant all on functions to postgres, anon, authenticated, service_role;
        alter default privileges in schema graphql grant all on sequences to postgres, anon, authenticated, service_role;

        -- Allow postgres role to allow granting usage on graphql and graphql_public schemas to custom roles
        grant usage on schema graphql_public to postgres with grant option;
        grant usage on schema graphql to postgres with grant option;
    END IF;

END;
$_$;


ALTER FUNCTION extensions.grant_pg_graphql_access() OWNER TO supabase_admin;

--
-- Name: FUNCTION grant_pg_graphql_access(); Type: COMMENT; Schema: extensions; Owner: supabase_admin
--

COMMENT ON FUNCTION extensions.grant_pg_graphql_access() IS 'Grants access to pg_graphql';


--
-- Name: grant_pg_net_access(); Type: FUNCTION; Schema: extensions; Owner: postgres
--

CREATE FUNCTION extensions.grant_pg_net_access() RETURNS event_trigger
    LANGUAGE plpgsql
    AS $$
BEGIN
  IF EXISTS (
    SELECT 1
    FROM pg_event_trigger_ddl_commands() AS ev
    JOIN pg_extension AS ext
    ON ev.objid = ext.oid
    WHERE ext.extname = 'pg_net'
  )
  THEN
    IF NOT EXISTS (
      SELECT 1
      FROM pg_roles
      WHERE rolname = 'supabase_functions_admin'
    )
    THEN
      CREATE USER supabase_functions_admin NOINHERIT CREATEROLE LOGIN NOREPLICATION;
    END IF;

    GRANT USAGE ON SCHEMA net TO supabase_functions_admin, postgres, anon, authenticated, service_role;

    ALTER function net.http_get(url text, params jsonb, headers jsonb, timeout_milliseconds integer) SECURITY DEFINER;
    ALTER function net.http_post(url text, body jsonb, params jsonb, headers jsonb, timeout_milliseconds integer) SECURITY DEFINER;

    ALTER function net.http_get(url text, params jsonb, headers jsonb, timeout_milliseconds integer) SET search_path = net;
    ALTER function net.http_post(url text, body jsonb, params jsonb, headers jsonb, timeout_milliseconds integer) SET search_path = net;

    REVOKE ALL ON FUNCTION net.http_get(url text, params jsonb, headers jsonb, timeout_milliseconds integer) FROM PUBLIC;
    REVOKE ALL ON FUNCTION net.http_post(url text, body jsonb, params jsonb, headers jsonb, timeout_milliseconds integer) FROM PUBLIC;

    GRANT EXECUTE ON FUNCTION net.http_get(url text, params jsonb, headers jsonb, timeout_milliseconds integer) TO supabase_functions_admin, postgres, anon, authenticated, service_role;
    GRANT EXECUTE ON FUNCTION net.http_post(url text, body jsonb, params jsonb, headers jsonb, timeout_milliseconds integer) TO supabase_functions_admin, postgres, anon, authenticated, service_role;
  END IF;
END;
$$;


ALTER FUNCTION extensions.grant_pg_net_access() OWNER TO postgres;

--
-- Name: FUNCTION grant_pg_net_access(); Type: COMMENT; Schema: extensions; Owner: postgres
--

COMMENT ON FUNCTION extensions.grant_pg_net_access() IS 'Grants access to pg_net';


--
-- Name: pgrst_ddl_watch(); Type: FUNCTION; Schema: extensions; Owner: supabase_admin
--

CREATE FUNCTION extensions.pgrst_ddl_watch() RETURNS event_trigger
    LANGUAGE plpgsql
    AS $$
DECLARE
  cmd record;
BEGIN
  FOR cmd IN SELECT * FROM pg_event_trigger_ddl_commands()
  LOOP
    IF cmd.command_tag IN (
      'CREATE SCHEMA', 'ALTER SCHEMA'
    , 'CREATE TABLE', 'CREATE TABLE AS', 'SELECT INTO', 'ALTER TABLE'
    , 'CREATE FOREIGN TABLE', 'ALTER FOREIGN TABLE'
    , 'CREATE VIEW', 'ALTER VIEW'
    , 'CREATE MATERIALIZED VIEW', 'ALTER MATERIALIZED VIEW'
    , 'CREATE FUNCTION', 'ALTER FUNCTION'
    , 'CREATE TRIGGER'
    , 'CREATE TYPE', 'ALTER TYPE'
    , 'CREATE RULE'
    , 'COMMENT'
    )
    -- don't notify in case of CREATE TEMP table or other objects created on pg_temp
    AND cmd.schema_name is distinct from 'pg_temp'
    THEN
      NOTIFY pgrst, 'reload schema';
    END IF;
  END LOOP;
END; $$;


ALTER FUNCTION extensions.pgrst_ddl_watch() OWNER TO supabase_admin;

--
-- Name: pgrst_drop_watch(); Type: FUNCTION; Schema: extensions; Owner: supabase_admin
--

CREATE FUNCTION extensions.pgrst_drop_watch() RETURNS event_trigger
    LANGUAGE plpgsql
    AS $$
DECLARE
  obj record;
BEGIN
  FOR obj IN SELECT * FROM pg_event_trigger_dropped_objects()
  LOOP
    IF obj.object_type IN (
      'schema'
    , 'table'
    , 'foreign table'
    , 'view'
    , 'materialized view'
    , 'function'
    , 'trigger'
    , 'type'
    , 'rule'
    )
    AND obj.is_temporary IS false -- no pg_temp objects
    THEN
      NOTIFY pgrst, 'reload schema';
    END IF;
  END LOOP;
END; $$;


ALTER FUNCTION extensions.pgrst_drop_watch() OWNER TO supabase_admin;

--
-- Name: set_graphql_placeholder(); Type: FUNCTION; Schema: extensions; Owner: supabase_admin
--

CREATE FUNCTION extensions.set_graphql_placeholder() RETURNS event_trigger
    LANGUAGE plpgsql
    AS $_$
    DECLARE
    graphql_is_dropped bool;
    BEGIN
    graphql_is_dropped = (
        SELECT ev.schema_name = 'graphql_public'
        FROM pg_event_trigger_dropped_objects() AS ev
        WHERE ev.schema_name = 'graphql_public'
    );

    IF graphql_is_dropped
    THEN
        create or replace function graphql_public.graphql(
            "operationName" text default null,
            query text default null,
            variables jsonb default null,
            extensions jsonb default null
        )
            returns jsonb
            language plpgsql
        as $$
            DECLARE
                server_version float;
            BEGIN
                server_version = (SELECT (SPLIT_PART((select version()), ' ', 2))::float);

                IF server_version >= 14 THEN
                    RETURN jsonb_build_object(
                        'errors', jsonb_build_array(
                            jsonb_build_object(
                                'message', 'pg_graphql extension is not enabled.'
                            )
                        )
                    );
                ELSE
                    RETURN jsonb_build_object(
                        'errors', jsonb_build_array(
                            jsonb_build_object(
                                'message', 'pg_graphql is only available on projects running Postgres 14 onwards.'
                            )
                        )
                    );
                END IF;
            END;
        $$;
    END IF;

    END;
$_$;


ALTER FUNCTION extensions.set_graphql_placeholder() OWNER TO supabase_admin;

--
-- Name: FUNCTION set_graphql_placeholder(); Type: COMMENT; Schema: extensions; Owner: supabase_admin
--

COMMENT ON FUNCTION extensions.set_graphql_placeholder() IS 'Reintroduces placeholder function for graphql_public.graphql';


--
-- Name: get_auth(text); Type: FUNCTION; Schema: pgbouncer; Owner: postgres
--

CREATE FUNCTION pgbouncer.get_auth(p_usename text) RETURNS TABLE(username text, password text)
    LANGUAGE plpgsql SECURITY DEFINER
    AS $$
BEGIN
    RAISE WARNING 'PgBouncer auth request: %', p_usename;

    RETURN QUERY
    SELECT usename::TEXT, passwd::TEXT FROM pg_catalog.pg_shadow
    WHERE usename = p_usename;
END;
$$;


ALTER FUNCTION pgbouncer.get_auth(p_usename text) OWNER TO postgres;

--
-- Name: apply_rls(jsonb, integer); Type: FUNCTION; Schema: realtime; Owner: supabase_admin
--

CREATE FUNCTION realtime.apply_rls(wal jsonb, max_record_bytes integer DEFAULT (1024 * 1024)) RETURNS SETOF realtime.wal_rls
    LANGUAGE plpgsql
    AS $$
declare
-- Regclass of the table e.g. public.notes
entity_ regclass = (quote_ident(wal ->> 'schema') || '.' || quote_ident(wal ->> 'table'))::regclass;

-- I, U, D, T: insert, update ...
action realtime.action = (
    case wal ->> 'action'
        when 'I' then 'INSERT'
        when 'U' then 'UPDATE'
        when 'D' then 'DELETE'
        else 'ERROR'
    end
);

-- Is row level security enabled for the table
is_rls_enabled bool = relrowsecurity from pg_class where oid = entity_;

subscriptions realtime.subscription[] = array_agg(subs)
    from
        realtime.subscription subs
    where
        subs.entity = entity_;

-- Subscription vars
roles regrole[] = array_agg(distinct us.claims_role::text)
    from
        unnest(subscriptions) us;

working_role regrole;
claimed_role regrole;
claims jsonb;

subscription_id uuid;
subscription_has_access bool;
visible_to_subscription_ids uuid[] = '{}';

-- structured info for wal's columns
columns realtime.wal_column[];
-- previous identity values for update/delete
old_columns realtime.wal_column[];

error_record_exceeds_max_size boolean = octet_length(wal::text) > max_record_bytes;

-- Primary jsonb output for record
output jsonb;

begin
perform set_config('role', null, true);

columns =
    array_agg(
        (
            x->>'name',
            x->>'type',
            x->>'typeoid',
            realtime.cast(
                (x->'value') #>> '{}',
                coalesce(
                    (x->>'typeoid')::regtype, -- null when wal2json version <= 2.4
                    (x->>'type')::regtype
                )
            ),
            (pks ->> 'name') is not null,
            true
        )::realtime.wal_column
    )
    from
        jsonb_array_elements(wal -> 'columns') x
        left join jsonb_array_elements(wal -> 'pk') pks
            on (x ->> 'name') = (pks ->> 'name');

old_columns =
    array_agg(
        (
            x->>'name',
            x->>'type',
            x->>'typeoid',
            realtime.cast(
                (x->'value') #>> '{}',
                coalesce(
                    (x->>'typeoid')::regtype, -- null when wal2json version <= 2.4
                    (x->>'type')::regtype
                )
            ),
            (pks ->> 'name') is not null,
            true
        )::realtime.wal_column
    )
    from
        jsonb_array_elements(wal -> 'identity') x
        left join jsonb_array_elements(wal -> 'pk') pks
            on (x ->> 'name') = (pks ->> 'name');

for working_role in select * from unnest(roles) loop

    -- Update `is_selectable` for columns and old_columns
    columns =
        array_agg(
            (
                c.name,
                c.type_name,
                c.type_oid,
                c.value,
                c.is_pkey,
                pg_catalog.has_column_privilege(working_role, entity_, c.name, 'SELECT')
            )::realtime.wal_column
        )
        from
            unnest(columns) c;

    old_columns =
            array_agg(
                (
                    c.name,
                    c.type_name,
                    c.type_oid,
                    c.value,
                    c.is_pkey,
                    pg_catalog.has_column_privilege(working_role, entity_, c.name, 'SELECT')
                )::realtime.wal_column
            )
            from
                unnest(old_columns) c;

    if action <> 'DELETE' and count(1) = 0 from unnest(columns) c where c.is_pkey then
        return next (
            jsonb_build_object(
                'schema', wal ->> 'schema',
                'table', wal ->> 'table',
                'type', action
            ),
            is_rls_enabled,
            -- subscriptions is already filtered by entity
            (select array_agg(s.subscription_id) from unnest(subscriptions) as s where claims_role = working_role),
            array['Error 400: Bad Request, no primary key']
        )::realtime.wal_rls;

    -- The claims role does not have SELECT permission to the primary key of entity
    elsif action <> 'DELETE' and sum(c.is_selectable::int) <> count(1) from unnest(columns) c where c.is_pkey then
        return next (
            jsonb_build_object(
                'schema', wal ->> 'schema',
                'table', wal ->> 'table',
                'type', action
            ),
            is_rls_enabled,
            (select array_agg(s.subscription_id) from unnest(subscriptions) as s where claims_role = working_role),
            array['Error 401: Unauthorized']
        )::realtime.wal_rls;

    else
        output = jsonb_build_object(
            'schema', wal ->> 'schema',
            'table', wal ->> 'table',
            'type', action,
            'commit_timestamp', to_char(
                ((wal ->> 'timestamp')::timestamptz at time zone 'utc'),
                'YYYY-MM-DD"T"HH24:MI:SS.MS"Z"'
            ),
            'columns', (
                select
                    jsonb_agg(
                        jsonb_build_object(
                            'name', pa.attname,
                            'type', pt.typname
                        )
                        order by pa.attnum asc
                    )
                from
                    pg_attribute pa
                    join pg_type pt
                        on pa.atttypid = pt.oid
                where
                    attrelid = entity_
                    and attnum > 0
                    and pg_catalog.has_column_privilege(working_role, entity_, pa.attname, 'SELECT')
            )
        )
        -- Add "record" key for insert and update
        || case
            when action in ('INSERT', 'UPDATE') then
                jsonb_build_object(
                    'record',
                    (
                        select
                            jsonb_object_agg(
                                -- if unchanged toast, get column name and value from old record
                                coalesce((c).name, (oc).name),
                                case
                                    when (c).name is null then (oc).value
                                    else (c).value
                                end
                            )
                        from
                            unnest(columns) c
                            full outer join unnest(old_columns) oc
                                on (c).name = (oc).name
                        where
                            coalesce((c).is_selectable, (oc).is_selectable)
                            and ( not error_record_exceeds_max_size or (octet_length((c).value::text) <= 64))
                    )
                )
            else '{}'::jsonb
        end
        -- Add "old_record" key for update and delete
        || case
            when action = 'UPDATE' then
                jsonb_build_object(
                        'old_record',
                        (
                            select jsonb_object_agg((c).name, (c).value)
                            from unnest(old_columns) c
                            where
                                (c).is_selectable
                                and ( not error_record_exceeds_max_size or (octet_length((c).value::text) <= 64))
                        )
                    )
            when action = 'DELETE' then
                jsonb_build_object(
                    'old_record',
                    (
                        select jsonb_object_agg((c).name, (c).value)
                        from unnest(old_columns) c
                        where
                            (c).is_selectable
                            and ( not error_record_exceeds_max_size or (octet_length((c).value::text) <= 64))
                            and ( not is_rls_enabled or (c).is_pkey ) -- if RLS enabled, we can't secure deletes so filter to pkey
                    )
                )
            else '{}'::jsonb
        end;

        -- Create the prepared statement
        if is_rls_enabled and action <> 'DELETE' then
            if (select 1 from pg_prepared_statements where name = 'walrus_rls_stmt' limit 1) > 0 then
                deallocate walrus_rls_stmt;
            end if;
            execute realtime.build_prepared_statement_sql('walrus_rls_stmt', entity_, columns);
        end if;

        visible_to_subscription_ids = '{}';

        for subscription_id, claims in (
                select
                    subs.subscription_id,
                    subs.claims
                from
                    unnest(subscriptions) subs
                where
                    subs.entity = entity_
                    and subs.claims_role = working_role
                    and (
                        realtime.is_visible_through_filters(columns, subs.filters)
                        or action = 'DELETE'
                    )
        ) loop

            if not is_rls_enabled or action = 'DELETE' then
                visible_to_subscription_ids = visible_to_subscription_ids || subscription_id;
            else
                -- Check if RLS allows the role to see the record
                perform
                    -- Trim leading and trailing quotes from working_role because set_config
                    -- doesn't recognize the role as valid if they are included
                    set_config('role', trim(both '"' from working_role::text), true),
                    set_config('request.jwt.claims', claims::text, true);

                execute 'execute walrus_rls_stmt' into subscription_has_access;

                if subscription_has_access then
                    visible_to_subscription_ids = visible_to_subscription_ids || subscription_id;
                end if;
            end if;
        end loop;

        perform set_config('role', null, true);

        return next (
            output,
            is_rls_enabled,
            visible_to_subscription_ids,
            case
                when error_record_exceeds_max_size then array['Error 413: Payload Too Large']
                else '{}'
            end
        )::realtime.wal_rls;

    end if;
end loop;

perform set_config('role', null, true);
end;
$$;


ALTER FUNCTION realtime.apply_rls(wal jsonb, max_record_bytes integer) OWNER TO supabase_admin;

--
-- Name: build_prepared_statement_sql(text, regclass, realtime.wal_column[]); Type: FUNCTION; Schema: realtime; Owner: supabase_admin
--

CREATE FUNCTION realtime.build_prepared_statement_sql(prepared_statement_name text, entity regclass, columns realtime.wal_column[]) RETURNS text
    LANGUAGE sql
    AS $$
      /*
      Builds a sql string that, if executed, creates a prepared statement to
      tests retrive a row from *entity* by its primary key columns.
      Example
          select realtime.build_prepared_statement_sql('public.notes', '{"id"}'::text[], '{"bigint"}'::text[])
      */
          select
      'prepare ' || prepared_statement_name || ' as
          select
              exists(
                  select
                      1
                  from
                      ' || entity || '
                  where
                      ' || string_agg(quote_ident(pkc.name) || '=' || quote_nullable(pkc.value #>> '{}') , ' and ') || '
              )'
          from
              unnest(columns) pkc
          where
              pkc.is_pkey
          group by
              entity
      $$;


ALTER FUNCTION realtime.build_prepared_statement_sql(prepared_statement_name text, entity regclass, columns realtime.wal_column[]) OWNER TO supabase_admin;

--
-- Name: cast(text, regtype); Type: FUNCTION; Schema: realtime; Owner: supabase_admin
--

CREATE FUNCTION realtime."cast"(val text, type_ regtype) RETURNS jsonb
    LANGUAGE plpgsql IMMUTABLE
    AS $$
    declare
      res jsonb;
    begin
      execute format('select to_jsonb(%L::'|| type_::text || ')', val)  into res;
      return res;
    end
    $$;


ALTER FUNCTION realtime."cast"(val text, type_ regtype) OWNER TO supabase_admin;

--
-- Name: check_equality_op(realtime.equality_op, regtype, text, text); Type: FUNCTION; Schema: realtime; Owner: supabase_admin
--

CREATE FUNCTION realtime.check_equality_op(op realtime.equality_op, type_ regtype, val_1 text, val_2 text) RETURNS boolean
    LANGUAGE plpgsql IMMUTABLE
    AS $$
      /*
      Casts *val_1* and *val_2* as type *type_* and check the *op* condition for truthiness
      */
      declare
          op_symbol text = (
              case
                  when op = 'eq' then '='
                  when op = 'neq' then '!='
                  when op = 'lt' then '<'
                  when op = 'lte' then '<='
                  when op = 'gt' then '>'
                  when op = 'gte' then '>='
                  when op = 'in' then '= any'
                  else 'UNKNOWN OP'
              end
          );
          res boolean;
      begin
          execute format(
              'select %L::'|| type_::text || ' ' || op_symbol
              || ' ( %L::'
              || (
                  case
                      when op = 'in' then type_::text || '[]'
                      else type_::text end
              )
              || ')', val_1, val_2) into res;
          return res;
      end;
      $$;


ALTER FUNCTION realtime.check_equality_op(op realtime.equality_op, type_ regtype, val_1 text, val_2 text) OWNER TO supabase_admin;

--
-- Name: is_visible_through_filters(realtime.wal_column[], realtime.user_defined_filter[]); Type: FUNCTION; Schema: realtime; Owner: supabase_admin
--

CREATE FUNCTION realtime.is_visible_through_filters(columns realtime.wal_column[], filters realtime.user_defined_filter[]) RETURNS boolean
    LANGUAGE sql IMMUTABLE
    AS $_$
    /*
    Should the record be visible (true) or filtered out (false) after *filters* are applied
    */
        select
            -- Default to allowed when no filters present
            $2 is null -- no filters. this should not happen because subscriptions has a default
            or array_length($2, 1) is null -- array length of an empty array is null
            or bool_and(
                coalesce(
                    realtime.check_equality_op(
                        op:=f.op,
                        type_:=coalesce(
                            col.type_oid::regtype, -- null when wal2json version <= 2.4
                            col.type_name::regtype
                        ),
                        -- cast jsonb to text
                        val_1:=col.value #>> '{}',
                        val_2:=f.value
                    ),
                    false -- if null, filter does not match
                )
            )
        from
            unnest(filters) f
            join unnest(columns) col
                on f.column_name = col.name;
    $_$;


ALTER FUNCTION realtime.is_visible_through_filters(columns realtime.wal_column[], filters realtime.user_defined_filter[]) OWNER TO supabase_admin;

--
-- Name: list_changes(name, name, integer, integer); Type: FUNCTION; Schema: realtime; Owner: supabase_admin
--

CREATE FUNCTION realtime.list_changes(publication name, slot_name name, max_changes integer, max_record_bytes integer) RETURNS SETOF realtime.wal_rls
    LANGUAGE sql
    SET log_min_messages TO 'fatal'
    AS $$
      with pub as (
        select
          concat_ws(
            ',',
            case when bool_or(pubinsert) then 'insert' else null end,
            case when bool_or(pubupdate) then 'update' else null end,
            case when bool_or(pubdelete) then 'delete' else null end
          ) as w2j_actions,
          coalesce(
            string_agg(
              realtime.quote_wal2json(format('%I.%I', schemaname, tablename)::regclass),
              ','
            ) filter (where ppt.tablename is not null and ppt.tablename not like '% %'),
            ''
          ) w2j_add_tables
        from
          pg_publication pp
          left join pg_publication_tables ppt
            on pp.pubname = ppt.pubname
        where
          pp.pubname = publication
        group by
          pp.pubname
        limit 1
      ),
      w2j as (
        select
          x.*, pub.w2j_add_tables
        from
          pub,
          pg_logical_slot_get_changes(
            slot_name, null, max_changes,
            'include-pk', 'true',
            'include-transaction', 'false',
            'include-timestamp', 'true',
            'include-type-oids', 'true',
            'format-version', '2',
            'actions', pub.w2j_actions,
            'add-tables', pub.w2j_add_tables
          ) x
      )
      select
        xyz.wal,
        xyz.is_rls_enabled,
        xyz.subscription_ids,
        xyz.errors
      from
        w2j,
        realtime.apply_rls(
          wal := w2j.data::jsonb,
          max_record_bytes := max_record_bytes
        ) xyz(wal, is_rls_enabled, subscription_ids, errors)
      where
        w2j.w2j_add_tables <> ''
        and xyz.subscription_ids[1] is not null
    $$;


ALTER FUNCTION realtime.list_changes(publication name, slot_name name, max_changes integer, max_record_bytes integer) OWNER TO supabase_admin;

--
-- Name: quote_wal2json(regclass); Type: FUNCTION; Schema: realtime; Owner: supabase_admin
--

CREATE FUNCTION realtime.quote_wal2json(entity regclass) RETURNS text
    LANGUAGE sql IMMUTABLE STRICT
    AS $$
      select
        (
          select string_agg('' || ch,'')
          from unnest(string_to_array(nsp.nspname::text, null)) with ordinality x(ch, idx)
          where
            not (x.idx = 1 and x.ch = '"')
            and not (
              x.idx = array_length(string_to_array(nsp.nspname::text, null), 1)
              and x.ch = '"'
            )
        )
        || '.'
        || (
          select string_agg('' || ch,'')
          from unnest(string_to_array(pc.relname::text, null)) with ordinality x(ch, idx)
          where
            not (x.idx = 1 and x.ch = '"')
            and not (
              x.idx = array_length(string_to_array(nsp.nspname::text, null), 1)
              and x.ch = '"'
            )
          )
      from
        pg_class pc
        join pg_namespace nsp
          on pc.relnamespace = nsp.oid
      where
        pc.oid = entity
    $$;


ALTER FUNCTION realtime.quote_wal2json(entity regclass) OWNER TO supabase_admin;

--
-- Name: subscription_check_filters(); Type: FUNCTION; Schema: realtime; Owner: supabase_admin
--

CREATE FUNCTION realtime.subscription_check_filters() RETURNS trigger
    LANGUAGE plpgsql
    AS $$
    /*
    Validates that the user defined filters for a subscription:
    - refer to valid columns that the claimed role may access
    - values are coercable to the correct column type
    */
    declare
        col_names text[] = coalesce(
                array_agg(c.column_name order by c.ordinal_position),
                '{}'::text[]
            )
            from
                information_schema.columns c
            where
                format('%I.%I', c.table_schema, c.table_name)::regclass = new.entity
                and pg_catalog.has_column_privilege(
                    (new.claims ->> 'role'),
                    format('%I.%I', c.table_schema, c.table_name)::regclass,
                    c.column_name,
                    'SELECT'
                );
        filter realtime.user_defined_filter;
        col_type regtype;

        in_val jsonb;
    begin
        for filter in select * from unnest(new.filters) loop
            -- Filtered column is valid
            if not filter.column_name = any(col_names) then
                raise exception 'invalid column for filter %', filter.column_name;
            end if;

            -- Type is sanitized and safe for string interpolation
            col_type = (
                select atttypid::regtype
                from pg_catalog.pg_attribute
                where attrelid = new.entity
                      and attname = filter.column_name
            );
            if col_type is null then
                raise exception 'failed to lookup type for column %', filter.column_name;
            end if;

            -- Set maximum number of entries for in filter
            if filter.op = 'in'::realtime.equality_op then
                in_val = realtime.cast(filter.value, (col_type::text || '[]')::regtype);
                if coalesce(jsonb_array_length(in_val), 0) > 100 then
                    raise exception 'too many values for `in` filter. Maximum 100';
                end if;
            else
                -- raises an exception if value is not coercable to type
                perform realtime.cast(filter.value, col_type);
            end if;

        end loop;

        -- Apply consistent order to filters so the unique constraint on
        -- (subscription_id, entity, filters) can't be tricked by a different filter order
        new.filters = coalesce(
            array_agg(f order by f.column_name, f.op, f.value),
            '{}'
        ) from unnest(new.filters) f;

        return new;
    end;
    $$;


ALTER FUNCTION realtime.subscription_check_filters() OWNER TO supabase_admin;

--
-- Name: to_regrole(text); Type: FUNCTION; Schema: realtime; Owner: supabase_admin
--

CREATE FUNCTION realtime.to_regrole(role_name text) RETURNS regrole
    LANGUAGE sql IMMUTABLE
    AS $$ select role_name::regrole $$;


ALTER FUNCTION realtime.to_regrole(role_name text) OWNER TO supabase_admin;

--
-- Name: topic(); Type: FUNCTION; Schema: realtime; Owner: supabase_realtime_admin
--

CREATE FUNCTION realtime.topic() RETURNS text
    LANGUAGE sql STABLE
    AS $$
select nullif(current_setting('realtime.topic', true), '')::text;
$$;


ALTER FUNCTION realtime.topic() OWNER TO supabase_realtime_admin;

--
-- Name: can_insert_object(text, text, uuid, jsonb); Type: FUNCTION; Schema: storage; Owner: supabase_storage_admin
--

CREATE FUNCTION storage.can_insert_object(bucketid text, name text, owner uuid, metadata jsonb) RETURNS void
    LANGUAGE plpgsql
    AS $$
BEGIN
  INSERT INTO "storage"."objects" ("bucket_id", "name", "owner", "metadata") VALUES (bucketid, name, owner, metadata);
  -- hack to rollback the successful insert
  RAISE sqlstate 'PT200' using
  message = 'ROLLBACK',
  detail = 'rollback successful insert';
END
$$;


ALTER FUNCTION storage.can_insert_object(bucketid text, name text, owner uuid, metadata jsonb) OWNER TO supabase_storage_admin;

--
-- Name: extension(text); Type: FUNCTION; Schema: storage; Owner: supabase_storage_admin
--

CREATE FUNCTION storage.extension(name text) RETURNS text
    LANGUAGE plpgsql
    AS $$
DECLARE
_parts text[];
_filename text;
BEGIN
	select string_to_array(name, '/') into _parts;
	select _parts[array_length(_parts,1)] into _filename;
	-- @todo return the last part instead of 2
	return reverse(split_part(reverse(_filename), '.', 1));
END
$$;


ALTER FUNCTION storage.extension(name text) OWNER TO supabase_storage_admin;

--
-- Name: filename(text); Type: FUNCTION; Schema: storage; Owner: supabase_storage_admin
--

CREATE FUNCTION storage.filename(name text) RETURNS text
    LANGUAGE plpgsql
    AS $$
DECLARE
_parts text[];
BEGIN
	select string_to_array(name, '/') into _parts;
	return _parts[array_length(_parts,1)];
END
$$;


ALTER FUNCTION storage.filename(name text) OWNER TO supabase_storage_admin;

--
-- Name: foldername(text); Type: FUNCTION; Schema: storage; Owner: supabase_storage_admin
--

CREATE FUNCTION storage.foldername(name text) RETURNS text[]
    LANGUAGE plpgsql
    AS $$
DECLARE
_parts text[];
BEGIN
	select string_to_array(name, '/') into _parts;
	return _parts[1:array_length(_parts,1)-1];
END
$$;


ALTER FUNCTION storage.foldername(name text) OWNER TO supabase_storage_admin;

--
-- Name: get_size_by_bucket(); Type: FUNCTION; Schema: storage; Owner: supabase_storage_admin
--

CREATE FUNCTION storage.get_size_by_bucket() RETURNS TABLE(size bigint, bucket_id text)
    LANGUAGE plpgsql
    AS $$
BEGIN
    return query
        select sum((metadata->>'size')::int) as size, obj.bucket_id
        from "storage".objects as obj
        group by obj.bucket_id;
END
$$;


ALTER FUNCTION storage.get_size_by_bucket() OWNER TO supabase_storage_admin;

--
-- Name: list_multipart_uploads_with_delimiter(text, text, text, integer, text, text); Type: FUNCTION; Schema: storage; Owner: supabase_storage_admin
--

CREATE FUNCTION storage.list_multipart_uploads_with_delimiter(bucket_id text, prefix_param text, delimiter_param text, max_keys integer DEFAULT 100, next_key_token text DEFAULT ''::text, next_upload_token text DEFAULT ''::text) RETURNS TABLE(key text, id text, created_at timestamp with time zone)
    LANGUAGE plpgsql
    AS $_$
BEGIN
    RETURN QUERY EXECUTE
        'SELECT DISTINCT ON(key COLLATE "C") * from (
            SELECT
                CASE
                    WHEN position($2 IN substring(key from length($1) + 1)) > 0 THEN
                        substring(key from 1 for length($1) + position($2 IN substring(key from length($1) + 1)))
                    ELSE
                        key
                END AS key, id, created_at
            FROM
                storage.s3_multipart_uploads
            WHERE
                bucket_id = $5 AND
                key ILIKE $1 || ''%'' AND
                CASE
                    WHEN $4 != '''' AND $6 = '''' THEN
                        CASE
                            WHEN position($2 IN substring(key from length($1) + 1)) > 0 THEN
                                substring(key from 1 for length($1) + position($2 IN substring(key from length($1) + 1))) COLLATE "C" > $4
                            ELSE
                                key COLLATE "C" > $4
                            END
                    ELSE
                        true
                END AND
                CASE
                    WHEN $6 != '''' THEN
                        id COLLATE "C" > $6
                    ELSE
                        true
                    END
            ORDER BY
                key COLLATE "C" ASC, created_at ASC) as e order by key COLLATE "C" LIMIT $3'
        USING prefix_param, delimiter_param, max_keys, next_key_token, bucket_id, next_upload_token;
END;
$_$;


ALTER FUNCTION storage.list_multipart_uploads_with_delimiter(bucket_id text, prefix_param text, delimiter_param text, max_keys integer, next_key_token text, next_upload_token text) OWNER TO supabase_storage_admin;

--
-- Name: list_objects_with_delimiter(text, text, text, integer, text, text); Type: FUNCTION; Schema: storage; Owner: supabase_storage_admin
--

CREATE FUNCTION storage.list_objects_with_delimiter(bucket_id text, prefix_param text, delimiter_param text, max_keys integer DEFAULT 100, start_after text DEFAULT ''::text, next_token text DEFAULT ''::text) RETURNS TABLE(name text, id uuid, metadata jsonb, updated_at timestamp with time zone)
    LANGUAGE plpgsql
    AS $_$
BEGIN
    RETURN QUERY EXECUTE
        'SELECT DISTINCT ON(name COLLATE "C") * from (
            SELECT
                CASE
                    WHEN position($2 IN substring(name from length($1) + 1)) > 0 THEN
                        substring(name from 1 for length($1) + position($2 IN substring(name from length($1) + 1)))
                    ELSE
                        name
                END AS name, id, metadata, updated_at
            FROM
                storage.objects
            WHERE
                bucket_id = $5 AND
                name ILIKE $1 || ''%'' AND
                CASE
                    WHEN $6 != '''' THEN
                    name COLLATE "C" > $6
                ELSE true END
                AND CASE
                    WHEN $4 != '''' THEN
                        CASE
                            WHEN position($2 IN substring(name from length($1) + 1)) > 0 THEN
                                substring(name from 1 for length($1) + position($2 IN substring(name from length($1) + 1))) COLLATE "C" > $4
                            ELSE
                                name COLLATE "C" > $4
                            END
                    ELSE
                        true
                END
            ORDER BY
                name COLLATE "C" ASC) as e order by name COLLATE "C" LIMIT $3'
        USING prefix_param, delimiter_param, max_keys, next_token, bucket_id, start_after;
END;
$_$;


ALTER FUNCTION storage.list_objects_with_delimiter(bucket_id text, prefix_param text, delimiter_param text, max_keys integer, start_after text, next_token text) OWNER TO supabase_storage_admin;

--
-- Name: operation(); Type: FUNCTION; Schema: storage; Owner: supabase_storage_admin
--

CREATE FUNCTION storage.operation() RETURNS text
    LANGUAGE plpgsql STABLE
    AS $$
BEGIN
    RETURN current_setting('storage.operation', true);
END;
$$;


ALTER FUNCTION storage.operation() OWNER TO supabase_storage_admin;

--
-- Name: search(text, text, integer, integer, integer, text, text, text); Type: FUNCTION; Schema: storage; Owner: supabase_storage_admin
--

CREATE FUNCTION storage.search(prefix text, bucketname text, limits integer DEFAULT 100, levels integer DEFAULT 1, offsets integer DEFAULT 0, search text DEFAULT ''::text, sortcolumn text DEFAULT 'name'::text, sortorder text DEFAULT 'asc'::text) RETURNS TABLE(name text, id uuid, updated_at timestamp with time zone, created_at timestamp with time zone, last_accessed_at timestamp with time zone, metadata jsonb)
    LANGUAGE plpgsql STABLE
    AS $_$
declare
  v_order_by text;
  v_sort_order text;
begin
  case
    when sortcolumn = 'name' then
      v_order_by = 'name';
    when sortcolumn = 'updated_at' then
      v_order_by = 'updated_at';
    when sortcolumn = 'created_at' then
      v_order_by = 'created_at';
    when sortcolumn = 'last_accessed_at' then
      v_order_by = 'last_accessed_at';
    else
      v_order_by = 'name';
  end case;

  case
    when sortorder = 'asc' then
      v_sort_order = 'asc';
    when sortorder = 'desc' then
      v_sort_order = 'desc';
    else
      v_sort_order = 'asc';
  end case;

  v_order_by = v_order_by || ' ' || v_sort_order;

  return query execute
    'with folders as (
       select path_tokens[$1] as folder
       from storage.objects
         where objects.name ilike $2 || $3 || ''%''
           and bucket_id = $4
           and array_length(objects.path_tokens, 1) <> $1
       group by folder
       order by folder ' || v_sort_order || '
     )
     (select folder as "name",
            null as id,
            null as updated_at,
            null as created_at,
            null as last_accessed_at,
            null as metadata from folders)
     union all
     (select path_tokens[$1] as "name",
            id,
            updated_at,
            created_at,
            last_accessed_at,
            metadata
     from storage.objects
     where objects.name ilike $2 || $3 || ''%''
       and bucket_id = $4
       and array_length(objects.path_tokens, 1) = $1
     order by ' || v_order_by || ')
     limit $5
     offset $6' using levels, prefix, search, bucketname, limits, offsets;
end;
$_$;


ALTER FUNCTION storage.search(prefix text, bucketname text, limits integer, levels integer, offsets integer, search text, sortcolumn text, sortorder text) OWNER TO supabase_storage_admin;

--
-- Name: update_updated_at_column(); Type: FUNCTION; Schema: storage; Owner: supabase_storage_admin
--

CREATE FUNCTION storage.update_updated_at_column() RETURNS trigger
    LANGUAGE plpgsql
    AS $$
BEGIN
    NEW.updated_at = now();
    RETURN NEW; 
END;
$$;


ALTER FUNCTION storage.update_updated_at_column() OWNER TO supabase_storage_admin;

--
-- Name: secrets_encrypt_secret_secret(); Type: FUNCTION; Schema: vault; Owner: supabase_admin
--

CREATE FUNCTION vault.secrets_encrypt_secret_secret() RETURNS trigger
    LANGUAGE plpgsql
    AS $$
		BEGIN
		        new.secret = CASE WHEN new.secret IS NULL THEN NULL ELSE
			CASE WHEN new.key_id IS NULL THEN NULL ELSE pg_catalog.encode(
			  pgsodium.crypto_aead_det_encrypt(
				pg_catalog.convert_to(new.secret, 'utf8'),
				pg_catalog.convert_to((new.id::text || new.description::text || new.created_at::text || new.updated_at::text)::text, 'utf8'),
				new.key_id::uuid,
				new.nonce
			  ),
				'base64') END END;
		RETURN new;
		END;
		$$;


ALTER FUNCTION vault.secrets_encrypt_secret_secret() OWNER TO supabase_admin;

SET default_tablespace = '';

SET default_table_access_method = heap;

--
-- Name: audit_log_entries; Type: TABLE; Schema: auth; Owner: supabase_auth_admin
--

CREATE TABLE auth.audit_log_entries (
    instance_id uuid,
    id uuid NOT NULL,
    payload json,
    created_at timestamp with time zone,
    ip_address character varying(64) DEFAULT ''::character varying NOT NULL
);


ALTER TABLE auth.audit_log_entries OWNER TO supabase_auth_admin;

--
-- Name: TABLE audit_log_entries; Type: COMMENT; Schema: auth; Owner: supabase_auth_admin
--

COMMENT ON TABLE auth.audit_log_entries IS 'Auth: Audit trail for user actions.';


--
-- Name: flow_state; Type: TABLE; Schema: auth; Owner: supabase_auth_admin
--

CREATE TABLE auth.flow_state (
    id uuid NOT NULL,
    user_id uuid,
    auth_code text NOT NULL,
    code_challenge_method auth.code_challenge_method NOT NULL,
    code_challenge text NOT NULL,
    provider_type text NOT NULL,
    provider_access_token text,
    provider_refresh_token text,
    created_at timestamp with time zone,
    updated_at timestamp with time zone,
    authentication_method text NOT NULL,
    auth_code_issued_at timestamp with time zone
);


ALTER TABLE auth.flow_state OWNER TO supabase_auth_admin;

--
-- Name: TABLE flow_state; Type: COMMENT; Schema: auth; Owner: supabase_auth_admin
--

COMMENT ON TABLE auth.flow_state IS 'stores metadata for pkce logins';


--
-- Name: identities; Type: TABLE; Schema: auth; Owner: supabase_auth_admin
--

CREATE TABLE auth.identities (
    provider_id text NOT NULL,
    user_id uuid NOT NULL,
    identity_data jsonb NOT NULL,
    provider text NOT NULL,
    last_sign_in_at timestamp with time zone,
    created_at timestamp with time zone,
    updated_at timestamp with time zone,
    email text GENERATED ALWAYS AS (lower((identity_data ->> 'email'::text))) STORED,
    id uuid DEFAULT gen_random_uuid() NOT NULL
);


ALTER TABLE auth.identities OWNER TO supabase_auth_admin;

--
-- Name: TABLE identities; Type: COMMENT; Schema: auth; Owner: supabase_auth_admin
--

COMMENT ON TABLE auth.identities IS 'Auth: Stores identities associated to a user.';


--
-- Name: COLUMN identities.email; Type: COMMENT; Schema: auth; Owner: supabase_auth_admin
--

COMMENT ON COLUMN auth.identities.email IS 'Auth: Email is a generated column that references the optional email property in the identity_data';


--
-- Name: instances; Type: TABLE; Schema: auth; Owner: supabase_auth_admin
--

CREATE TABLE auth.instances (
    id uuid NOT NULL,
    uuid uuid,
    raw_base_config text,
    created_at timestamp with time zone,
    updated_at timestamp with time zone
);


ALTER TABLE auth.instances OWNER TO supabase_auth_admin;

--
-- Name: TABLE instances; Type: COMMENT; Schema: auth; Owner: supabase_auth_admin
--

COMMENT ON TABLE auth.instances IS 'Auth: Manages users across multiple sites.';


--
-- Name: mfa_amr_claims; Type: TABLE; Schema: auth; Owner: supabase_auth_admin
--

CREATE TABLE auth.mfa_amr_claims (
    session_id uuid NOT NULL,
    created_at timestamp with time zone NOT NULL,
    updated_at timestamp with time zone NOT NULL,
    authentication_method text NOT NULL,
    id uuid NOT NULL
);


ALTER TABLE auth.mfa_amr_claims OWNER TO supabase_auth_admin;

--
-- Name: TABLE mfa_amr_claims; Type: COMMENT; Schema: auth; Owner: supabase_auth_admin
--

COMMENT ON TABLE auth.mfa_amr_claims IS 'auth: stores authenticator method reference claims for multi factor authentication';


--
-- Name: mfa_challenges; Type: TABLE; Schema: auth; Owner: supabase_auth_admin
--

CREATE TABLE auth.mfa_challenges (
    id uuid NOT NULL,
    factor_id uuid NOT NULL,
    created_at timestamp with time zone NOT NULL,
    verified_at timestamp with time zone,
    ip_address inet NOT NULL
);


ALTER TABLE auth.mfa_challenges OWNER TO supabase_auth_admin;

--
-- Name: TABLE mfa_challenges; Type: COMMENT; Schema: auth; Owner: supabase_auth_admin
--

COMMENT ON TABLE auth.mfa_challenges IS 'auth: stores metadata about challenge requests made';


--
-- Name: mfa_factors; Type: TABLE; Schema: auth; Owner: supabase_auth_admin
--

CREATE TABLE auth.mfa_factors (
    id uuid NOT NULL,
    user_id uuid NOT NULL,
    friendly_name text,
    factor_type auth.factor_type NOT NULL,
    status auth.factor_status NOT NULL,
    created_at timestamp with time zone NOT NULL,
    updated_at timestamp with time zone NOT NULL,
    secret text
);


ALTER TABLE auth.mfa_factors OWNER TO supabase_auth_admin;

--
-- Name: TABLE mfa_factors; Type: COMMENT; Schema: auth; Owner: supabase_auth_admin
--

COMMENT ON TABLE auth.mfa_factors IS 'auth: stores metadata about factors';


--
-- Name: one_time_tokens; Type: TABLE; Schema: auth; Owner: supabase_auth_admin
--

CREATE TABLE auth.one_time_tokens (
    id uuid NOT NULL,
    user_id uuid NOT NULL,
    token_type auth.one_time_token_type NOT NULL,
    token_hash text NOT NULL,
    relates_to text NOT NULL,
    created_at timestamp without time zone DEFAULT now() NOT NULL,
    updated_at timestamp without time zone DEFAULT now() NOT NULL,
    CONSTRAINT one_time_tokens_token_hash_check CHECK ((char_length(token_hash) > 0))
);


ALTER TABLE auth.one_time_tokens OWNER TO supabase_auth_admin;

--
-- Name: refresh_tokens; Type: TABLE; Schema: auth; Owner: supabase_auth_admin
--

CREATE TABLE auth.refresh_tokens (
    instance_id uuid,
    id bigint NOT NULL,
    token character varying(255),
    user_id character varying(255),
    revoked boolean,
    created_at timestamp with time zone,
    updated_at timestamp with time zone,
    parent character varying(255),
    session_id uuid
);


ALTER TABLE auth.refresh_tokens OWNER TO supabase_auth_admin;

--
-- Name: TABLE refresh_tokens; Type: COMMENT; Schema: auth; Owner: supabase_auth_admin
--

COMMENT ON TABLE auth.refresh_tokens IS 'Auth: Store of tokens used to refresh JWT tokens once they expire.';


--
-- Name: refresh_tokens_id_seq; Type: SEQUENCE; Schema: auth; Owner: supabase_auth_admin
--

CREATE SEQUENCE auth.refresh_tokens_id_seq
    START WITH 1
    INCREMENT BY 1
    NO MINVALUE
    NO MAXVALUE
    CACHE 1;


ALTER TABLE auth.refresh_tokens_id_seq OWNER TO supabase_auth_admin;

--
-- Name: refresh_tokens_id_seq; Type: SEQUENCE OWNED BY; Schema: auth; Owner: supabase_auth_admin
--

ALTER SEQUENCE auth.refresh_tokens_id_seq OWNED BY auth.refresh_tokens.id;


--
-- Name: saml_providers; Type: TABLE; Schema: auth; Owner: supabase_auth_admin
--

CREATE TABLE auth.saml_providers (
    id uuid NOT NULL,
    sso_provider_id uuid NOT NULL,
    entity_id text NOT NULL,
    metadata_xml text NOT NULL,
    metadata_url text,
    attribute_mapping jsonb,
    created_at timestamp with time zone,
    updated_at timestamp with time zone,
    name_id_format text,
    CONSTRAINT "entity_id not empty" CHECK ((char_length(entity_id) > 0)),
    CONSTRAINT "metadata_url not empty" CHECK (((metadata_url = NULL::text) OR (char_length(metadata_url) > 0))),
    CONSTRAINT "metadata_xml not empty" CHECK ((char_length(metadata_xml) > 0))
);


ALTER TABLE auth.saml_providers OWNER TO supabase_auth_admin;

--
-- Name: TABLE saml_providers; Type: COMMENT; Schema: auth; Owner: supabase_auth_admin
--

COMMENT ON TABLE auth.saml_providers IS 'Auth: Manages SAML Identity Provider connections.';


--
-- Name: saml_relay_states; Type: TABLE; Schema: auth; Owner: supabase_auth_admin
--

CREATE TABLE auth.saml_relay_states (
    id uuid NOT NULL,
    sso_provider_id uuid NOT NULL,
    request_id text NOT NULL,
    for_email text,
    redirect_to text,
    created_at timestamp with time zone,
    updated_at timestamp with time zone,
    flow_state_id uuid,
    CONSTRAINT "request_id not empty" CHECK ((char_length(request_id) > 0))
);


ALTER TABLE auth.saml_relay_states OWNER TO supabase_auth_admin;

--
-- Name: TABLE saml_relay_states; Type: COMMENT; Schema: auth; Owner: supabase_auth_admin
--

COMMENT ON TABLE auth.saml_relay_states IS 'Auth: Contains SAML Relay State information for each Service Provider initiated login.';


--
-- Name: schema_migrations; Type: TABLE; Schema: auth; Owner: supabase_auth_admin
--

CREATE TABLE auth.schema_migrations (
    version character varying(255) NOT NULL
);


ALTER TABLE auth.schema_migrations OWNER TO supabase_auth_admin;

--
-- Name: TABLE schema_migrations; Type: COMMENT; Schema: auth; Owner: supabase_auth_admin
--

COMMENT ON TABLE auth.schema_migrations IS 'Auth: Manages updates to the auth system.';


--
-- Name: sessions; Type: TABLE; Schema: auth; Owner: supabase_auth_admin
--

CREATE TABLE auth.sessions (
    id uuid NOT NULL,
    user_id uuid NOT NULL,
    created_at timestamp with time zone,
    updated_at timestamp with time zone,
    factor_id uuid,
    aal auth.aal_level,
    not_after timestamp with time zone,
    refreshed_at timestamp without time zone,
    user_agent text,
    ip inet,
    tag text
);


ALTER TABLE auth.sessions OWNER TO supabase_auth_admin;

--
-- Name: TABLE sessions; Type: COMMENT; Schema: auth; Owner: supabase_auth_admin
--

COMMENT ON TABLE auth.sessions IS 'Auth: Stores session data associated to a user.';


--
-- Name: COLUMN sessions.not_after; Type: COMMENT; Schema: auth; Owner: supabase_auth_admin
--

COMMENT ON COLUMN auth.sessions.not_after IS 'Auth: Not after is a nullable column that contains a timestamp after which the session should be regarded as expired.';


--
-- Name: sso_domains; Type: TABLE; Schema: auth; Owner: supabase_auth_admin
--

CREATE TABLE auth.sso_domains (
    id uuid NOT NULL,
    sso_provider_id uuid NOT NULL,
    domain text NOT NULL,
    created_at timestamp with time zone,
    updated_at timestamp with time zone,
    CONSTRAINT "domain not empty" CHECK ((char_length(domain) > 0))
);


ALTER TABLE auth.sso_domains OWNER TO supabase_auth_admin;

--
-- Name: TABLE sso_domains; Type: COMMENT; Schema: auth; Owner: supabase_auth_admin
--

COMMENT ON TABLE auth.sso_domains IS 'Auth: Manages SSO email address domain mapping to an SSO Identity Provider.';


--
-- Name: sso_providers; Type: TABLE; Schema: auth; Owner: supabase_auth_admin
--

CREATE TABLE auth.sso_providers (
    id uuid NOT NULL,
    resource_id text,
    created_at timestamp with time zone,
    updated_at timestamp with time zone,
    CONSTRAINT "resource_id not empty" CHECK (((resource_id = NULL::text) OR (char_length(resource_id) > 0)))
);


ALTER TABLE auth.sso_providers OWNER TO supabase_auth_admin;

--
-- Name: TABLE sso_providers; Type: COMMENT; Schema: auth; Owner: supabase_auth_admin
--

COMMENT ON TABLE auth.sso_providers IS 'Auth: Manages SSO identity provider information; see saml_providers for SAML.';


--
-- Name: COLUMN sso_providers.resource_id; Type: COMMENT; Schema: auth; Owner: supabase_auth_admin
--

COMMENT ON COLUMN auth.sso_providers.resource_id IS 'Auth: Uniquely identifies a SSO provider according to a user-chosen resource ID (case insensitive), useful in infrastructure as code.';


--
-- Name: users; Type: TABLE; Schema: auth; Owner: supabase_auth_admin
--

CREATE TABLE auth.users (
    instance_id uuid,
    id uuid NOT NULL,
    aud character varying(255),
    role character varying(255),
    email character varying(255),
    encrypted_password character varying(255),
    email_confirmed_at timestamp with time zone,
    invited_at timestamp with time zone,
    confirmation_token character varying(255),
    confirmation_sent_at timestamp with time zone,
    recovery_token character varying(255),
    recovery_sent_at timestamp with time zone,
    email_change_token_new character varying(255),
    email_change character varying(255),
    email_change_sent_at timestamp with time zone,
    last_sign_in_at timestamp with time zone,
    raw_app_meta_data jsonb,
    raw_user_meta_data jsonb,
    is_super_admin boolean,
    created_at timestamp with time zone,
    updated_at timestamp with time zone,
    phone text DEFAULT NULL::character varying,
    phone_confirmed_at timestamp with time zone,
    phone_change text DEFAULT ''::character varying,
    phone_change_token character varying(255) DEFAULT ''::character varying,
    phone_change_sent_at timestamp with time zone,
    confirmed_at timestamp with time zone GENERATED ALWAYS AS (LEAST(email_confirmed_at, phone_confirmed_at)) STORED,
    email_change_token_current character varying(255) DEFAULT ''::character varying,
    email_change_confirm_status smallint DEFAULT 0,
    banned_until timestamp with time zone,
    reauthentication_token character varying(255) DEFAULT ''::character varying,
    reauthentication_sent_at timestamp with time zone,
    is_sso_user boolean DEFAULT false NOT NULL,
    deleted_at timestamp with time zone,
    is_anonymous boolean DEFAULT false NOT NULL,
    CONSTRAINT users_email_change_confirm_status_check CHECK (((email_change_confirm_status >= 0) AND (email_change_confirm_status <= 2)))
);


ALTER TABLE auth.users OWNER TO supabase_auth_admin;

--
-- Name: TABLE users; Type: COMMENT; Schema: auth; Owner: supabase_auth_admin
--

COMMENT ON TABLE auth.users IS 'Auth: Stores user login data within a secure schema.';


--
-- Name: COLUMN users.is_sso_user; Type: COMMENT; Schema: auth; Owner: supabase_auth_admin
--

COMMENT ON COLUMN auth.users.is_sso_user IS 'Auth: Set this column to true when the account comes from SSO. These accounts can have duplicate emails.';


--
-- Name: experiences; Type: TABLE; Schema: public; Owner: postgres
--

CREATE TABLE public.experiences (
    id integer NOT NULL,
    title character varying NOT NULL,
    location character varying,
    description jsonb,
    icon_id integer,
    date character varying,
    updated_at timestamp(3) with time zone DEFAULT now() NOT NULL,
    created_at timestamp(3) with time zone DEFAULT now() NOT NULL
);


ALTER TABLE public.experiences OWNER TO postgres;

--
-- Name: experiences_id_seq; Type: SEQUENCE; Schema: public; Owner: postgres
--

CREATE SEQUENCE public.experiences_id_seq
    AS integer
    START WITH 1
    INCREMENT BY 1
    NO MINVALUE
    NO MAXVALUE
    CACHE 1;


ALTER TABLE public.experiences_id_seq OWNER TO postgres;

--
-- Name: experiences_id_seq; Type: SEQUENCE OWNED BY; Schema: public; Owner: postgres
--

ALTER SEQUENCE public.experiences_id_seq OWNED BY public.experiences.id;


--
-- Name: media; Type: TABLE; Schema: public; Owner: postgres
--

CREATE TABLE public.media (
    id integer NOT NULL,
    updated_at timestamp(3) with time zone DEFAULT now() NOT NULL,
    created_at timestamp(3) with time zone DEFAULT now() NOT NULL,
    url character varying,
    thumbnail_u_r_l character varying,
    filename character varying,
    mime_type character varying,
    filesize numeric,
    width numeric,
    height numeric,
    focal_x numeric,
    focal_y numeric,
    text character varying
);


ALTER TABLE public.media OWNER TO postgres;

--
-- Name: media_id_seq; Type: SEQUENCE; Schema: public; Owner: postgres
--

CREATE SEQUENCE public.media_id_seq
    AS integer
    START WITH 1
    INCREMENT BY 1
    NO MINVALUE
    NO MAXVALUE
    CACHE 1;


ALTER TABLE public.media_id_seq OWNER TO postgres;

--
-- Name: media_id_seq; Type: SEQUENCE OWNED BY; Schema: public; Owner: postgres
--

ALTER SEQUENCE public.media_id_seq OWNED BY public.media.id;


--
-- Name: pages; Type: TABLE; Schema: public; Owner: postgres
--

CREATE TABLE public.pages (
    id integer NOT NULL,
    title character varying,
    content jsonb,
    updated_at timestamp(3) with time zone DEFAULT now() NOT NULL,
    created_at timestamp(3) with time zone DEFAULT now() NOT NULL
);


ALTER TABLE public.pages OWNER TO postgres;

--
-- Name: pages_id_seq; Type: SEQUENCE; Schema: public; Owner: postgres
--

CREATE SEQUENCE public.pages_id_seq
    AS integer
    START WITH 1
    INCREMENT BY 1
    NO MINVALUE
    NO MAXVALUE
    CACHE 1;


ALTER TABLE public.pages_id_seq OWNER TO postgres;

--
-- Name: pages_id_seq; Type: SEQUENCE OWNED BY; Schema: public; Owner: postgres
--

ALTER SEQUENCE public.pages_id_seq OWNED BY public.pages.id;


--
-- Name: payload_migrations; Type: TABLE; Schema: public; Owner: postgres
--

CREATE TABLE public.payload_migrations (
    id integer NOT NULL,
    name character varying,
    batch numeric,
    updated_at timestamp(3) with time zone DEFAULT now() NOT NULL,
    created_at timestamp(3) with time zone DEFAULT now() NOT NULL
);


ALTER TABLE public.payload_migrations OWNER TO postgres;

--
-- Name: payload_migrations_id_seq; Type: SEQUENCE; Schema: public; Owner: postgres
--

CREATE SEQUENCE public.payload_migrations_id_seq
    AS integer
    START WITH 1
    INCREMENT BY 1
    NO MINVALUE
    NO MAXVALUE
    CACHE 1;


ALTER TABLE public.payload_migrations_id_seq OWNER TO postgres;

--
-- Name: payload_migrations_id_seq; Type: SEQUENCE OWNED BY; Schema: public; Owner: postgres
--

ALTER SEQUENCE public.payload_migrations_id_seq OWNED BY public.payload_migrations.id;


--
-- Name: payload_preferences; Type: TABLE; Schema: public; Owner: postgres
--

CREATE TABLE public.payload_preferences (
    id integer NOT NULL,
    key character varying,
    value jsonb,
    updated_at timestamp(3) with time zone DEFAULT now() NOT NULL,
    created_at timestamp(3) with time zone DEFAULT now() NOT NULL
);


ALTER TABLE public.payload_preferences OWNER TO postgres;

--
-- Name: payload_preferences_id_seq; Type: SEQUENCE; Schema: public; Owner: postgres
--

CREATE SEQUENCE public.payload_preferences_id_seq
    AS integer
    START WITH 1
    INCREMENT BY 1
    NO MINVALUE
    NO MAXVALUE
    CACHE 1;


ALTER TABLE public.payload_preferences_id_seq OWNER TO postgres;

--
-- Name: payload_preferences_id_seq; Type: SEQUENCE OWNED BY; Schema: public; Owner: postgres
--

ALTER SEQUENCE public.payload_preferences_id_seq OWNED BY public.payload_preferences.id;


--
-- Name: payload_preferences_rels; Type: TABLE; Schema: public; Owner: postgres
--

CREATE TABLE public.payload_preferences_rels (
    id integer NOT NULL,
    "order" integer,
    parent_id integer NOT NULL,
    path character varying NOT NULL,
    users_id integer
);


ALTER TABLE public.payload_preferences_rels OWNER TO postgres;

--
-- Name: payload_preferences_rels_id_seq; Type: SEQUENCE; Schema: public; Owner: postgres
--

CREATE SEQUENCE public.payload_preferences_rels_id_seq
    AS integer
    START WITH 1
    INCREMENT BY 1
    NO MINVALUE
    NO MAXVALUE
    CACHE 1;


ALTER TABLE public.payload_preferences_rels_id_seq OWNER TO postgres;

--
-- Name: payload_preferences_rels_id_seq; Type: SEQUENCE OWNED BY; Schema: public; Owner: postgres
--

ALTER SEQUENCE public.payload_preferences_rels_id_seq OWNED BY public.payload_preferences_rels.id;


--
-- Name: projects; Type: TABLE; Schema: public; Owner: postgres
--

CREATE TABLE public.projects (
    id integer NOT NULL,
    title character varying NOT NULL,
    description jsonb,
    image_id integer,
    href character varying,
    updated_at timestamp(3) with time zone DEFAULT now() NOT NULL,
    created_at timestamp(3) with time zone DEFAULT now() NOT NULL
);


ALTER TABLE public.projects OWNER TO postgres;

--
-- Name: projects_id_seq; Type: SEQUENCE; Schema: public; Owner: postgres
--

CREATE SEQUENCE public.projects_id_seq
    AS integer
    START WITH 1
    INCREMENT BY 1
    NO MINVALUE
    NO MAXVALUE
    CACHE 1;


ALTER TABLE public.projects_id_seq OWNER TO postgres;

--
-- Name: projects_id_seq; Type: SEQUENCE OWNED BY; Schema: public; Owner: postgres
--

ALTER SEQUENCE public.projects_id_seq OWNED BY public.projects.id;


--
-- Name: projects_tags; Type: TABLE; Schema: public; Owner: postgres
--

CREATE TABLE public.projects_tags (
    _order integer NOT NULL,
    _parent_id integer NOT NULL,
    id character varying NOT NULL,
    tag character varying
);


ALTER TABLE public.projects_tags OWNER TO postgres;

--
-- Name: skills; Type: TABLE; Schema: public; Owner: postgres
--

CREATE TABLE public.skills (
    id integer NOT NULL,
    name character varying NOT NULL,
    updated_at timestamp(3) with time zone DEFAULT now() NOT NULL,
    created_at timestamp(3) with time zone DEFAULT now() NOT NULL
);


ALTER TABLE public.skills OWNER TO postgres;

--
-- Name: skills_id_seq; Type: SEQUENCE; Schema: public; Owner: postgres
--

CREATE SEQUENCE public.skills_id_seq
    AS integer
    START WITH 1
    INCREMENT BY 1
    NO MINVALUE
    NO MAXVALUE
    CACHE 1;


ALTER TABLE public.skills_id_seq OWNER TO postgres;

--
-- Name: skills_id_seq; Type: SEQUENCE OWNED BY; Schema: public; Owner: postgres
--

ALTER SEQUENCE public.skills_id_seq OWNED BY public.skills.id;


--
-- Name: users; Type: TABLE; Schema: public; Owner: postgres
--

CREATE TABLE public.users (
    id integer NOT NULL,
    updated_at timestamp(3) with time zone DEFAULT now() NOT NULL,
    created_at timestamp(3) with time zone DEFAULT now() NOT NULL,
    email character varying NOT NULL,
    reset_password_token character varying,
    reset_password_expiration timestamp(3) with time zone,
    salt character varying,
    hash character varying,
    login_attempts numeric,
    lock_until timestamp(3) with time zone
);


ALTER TABLE public.users OWNER TO postgres;

--
-- Name: users_id_seq; Type: SEQUENCE; Schema: public; Owner: postgres
--

CREATE SEQUENCE public.users_id_seq
    AS integer
    START WITH 1
    INCREMENT BY 1
    NO MINVALUE
    NO MAXVALUE
    CACHE 1;


ALTER TABLE public.users_id_seq OWNER TO postgres;

--
-- Name: users_id_seq; Type: SEQUENCE OWNED BY; Schema: public; Owner: postgres
--

ALTER SEQUENCE public.users_id_seq OWNED BY public.users.id;


--
-- Name: messages; Type: TABLE; Schema: realtime; Owner: supabase_realtime_admin
--

CREATE TABLE realtime.messages (
    id bigint NOT NULL,
    topic text NOT NULL,
    extension text NOT NULL,
    inserted_at timestamp(0) without time zone NOT NULL,
    updated_at timestamp(0) without time zone NOT NULL
);


ALTER TABLE realtime.messages OWNER TO supabase_realtime_admin;

--
-- Name: messages_id_seq; Type: SEQUENCE; Schema: realtime; Owner: supabase_realtime_admin
--

CREATE SEQUENCE realtime.messages_id_seq
    START WITH 1
    INCREMENT BY 1
    NO MINVALUE
    NO MAXVALUE
    CACHE 1;


ALTER TABLE realtime.messages_id_seq OWNER TO supabase_realtime_admin;

--
-- Name: messages_id_seq; Type: SEQUENCE OWNED BY; Schema: realtime; Owner: supabase_realtime_admin
--

ALTER SEQUENCE realtime.messages_id_seq OWNED BY realtime.messages.id;


--
-- Name: schema_migrations; Type: TABLE; Schema: realtime; Owner: supabase_admin
--

CREATE TABLE realtime.schema_migrations (
    version bigint NOT NULL,
    inserted_at timestamp(0) without time zone
);


ALTER TABLE realtime.schema_migrations OWNER TO supabase_admin;

--
-- Name: subscription; Type: TABLE; Schema: realtime; Owner: supabase_admin
--

CREATE TABLE realtime.subscription (
    id bigint NOT NULL,
    subscription_id uuid NOT NULL,
    entity regclass NOT NULL,
    filters realtime.user_defined_filter[] DEFAULT '{}'::realtime.user_defined_filter[] NOT NULL,
    claims jsonb NOT NULL,
    claims_role regrole GENERATED ALWAYS AS (realtime.to_regrole((claims ->> 'role'::text))) STORED NOT NULL,
    created_at timestamp without time zone DEFAULT timezone('utc'::text, now()) NOT NULL
);


ALTER TABLE realtime.subscription OWNER TO supabase_admin;

--
-- Name: subscription_id_seq; Type: SEQUENCE; Schema: realtime; Owner: supabase_admin
--

ALTER TABLE realtime.subscription ALTER COLUMN id ADD GENERATED ALWAYS AS IDENTITY (
    SEQUENCE NAME realtime.subscription_id_seq
    START WITH 1
    INCREMENT BY 1
    NO MINVALUE
    NO MAXVALUE
    CACHE 1
);


--
-- Name: buckets; Type: TABLE; Schema: storage; Owner: supabase_storage_admin
--

CREATE TABLE storage.buckets (
    id text NOT NULL,
    name text NOT NULL,
    owner uuid,
    created_at timestamp with time zone DEFAULT now(),
    updated_at timestamp with time zone DEFAULT now(),
    public boolean DEFAULT false,
    avif_autodetection boolean DEFAULT false,
    file_size_limit bigint,
    allowed_mime_types text[],
    owner_id text
);


ALTER TABLE storage.buckets OWNER TO supabase_storage_admin;

--
-- Name: COLUMN buckets.owner; Type: COMMENT; Schema: storage; Owner: supabase_storage_admin
--

COMMENT ON COLUMN storage.buckets.owner IS 'Field is deprecated, use owner_id instead';


--
-- Name: migrations; Type: TABLE; Schema: storage; Owner: supabase_storage_admin
--

CREATE TABLE storage.migrations (
    id integer NOT NULL,
    name character varying(100) NOT NULL,
    hash character varying(40) NOT NULL,
    executed_at timestamp without time zone DEFAULT CURRENT_TIMESTAMP
);


ALTER TABLE storage.migrations OWNER TO supabase_storage_admin;

--
-- Name: objects; Type: TABLE; Schema: storage; Owner: supabase_storage_admin
--

CREATE TABLE storage.objects (
    id uuid DEFAULT gen_random_uuid() NOT NULL,
    bucket_id text,
    name text,
    owner uuid,
    created_at timestamp with time zone DEFAULT now(),
    updated_at timestamp with time zone DEFAULT now(),
    last_accessed_at timestamp with time zone DEFAULT now(),
    metadata jsonb,
    path_tokens text[] GENERATED ALWAYS AS (string_to_array(name, '/'::text)) STORED,
    version text,
    owner_id text
);


ALTER TABLE storage.objects OWNER TO supabase_storage_admin;

--
-- Name: COLUMN objects.owner; Type: COMMENT; Schema: storage; Owner: supabase_storage_admin
--

COMMENT ON COLUMN storage.objects.owner IS 'Field is deprecated, use owner_id instead';


--
-- Name: s3_multipart_uploads; Type: TABLE; Schema: storage; Owner: supabase_storage_admin
--

CREATE TABLE storage.s3_multipart_uploads (
    id text NOT NULL,
    in_progress_size bigint DEFAULT 0 NOT NULL,
    upload_signature text NOT NULL,
    bucket_id text NOT NULL,
    key text NOT NULL COLLATE pg_catalog."C",
    version text NOT NULL,
    owner_id text,
    created_at timestamp with time zone DEFAULT now() NOT NULL
);


ALTER TABLE storage.s3_multipart_uploads OWNER TO supabase_storage_admin;

--
-- Name: s3_multipart_uploads_parts; Type: TABLE; Schema: storage; Owner: supabase_storage_admin
--

CREATE TABLE storage.s3_multipart_uploads_parts (
    id uuid DEFAULT gen_random_uuid() NOT NULL,
    upload_id text NOT NULL,
    size bigint DEFAULT 0 NOT NULL,
    part_number integer NOT NULL,
    bucket_id text NOT NULL,
    key text NOT NULL COLLATE pg_catalog."C",
    etag text NOT NULL,
    owner_id text,
    version text NOT NULL,
    created_at timestamp with time zone DEFAULT now() NOT NULL
);


ALTER TABLE storage.s3_multipart_uploads_parts OWNER TO supabase_storage_admin;

--
-- Name: decrypted_secrets; Type: VIEW; Schema: vault; Owner: supabase_admin
--

CREATE VIEW vault.decrypted_secrets AS
 SELECT secrets.id,
    secrets.name,
    secrets.description,
    secrets.secret,
        CASE
            WHEN (secrets.secret IS NULL) THEN NULL::text
            ELSE
            CASE
                WHEN (secrets.key_id IS NULL) THEN NULL::text
                ELSE convert_from(pgsodium.crypto_aead_det_decrypt(decode(secrets.secret, 'base64'::text), convert_to(((((secrets.id)::text || secrets.description) || (secrets.created_at)::text) || (secrets.updated_at)::text), 'utf8'::name), secrets.key_id, secrets.nonce), 'utf8'::name)
            END
        END AS decrypted_secret,
    secrets.key_id,
    secrets.nonce,
    secrets.created_at,
    secrets.updated_at
   FROM vault.secrets;


ALTER TABLE vault.decrypted_secrets OWNER TO supabase_admin;

--
-- Name: refresh_tokens id; Type: DEFAULT; Schema: auth; Owner: supabase_auth_admin
--

ALTER TABLE ONLY auth.refresh_tokens ALTER COLUMN id SET DEFAULT nextval('auth.refresh_tokens_id_seq'::regclass);


--
-- Name: experiences id; Type: DEFAULT; Schema: public; Owner: postgres
--

ALTER TABLE ONLY public.experiences ALTER COLUMN id SET DEFAULT nextval('public.experiences_id_seq'::regclass);


--
-- Name: media id; Type: DEFAULT; Schema: public; Owner: postgres
--

ALTER TABLE ONLY public.media ALTER COLUMN id SET DEFAULT nextval('public.media_id_seq'::regclass);


--
-- Name: pages id; Type: DEFAULT; Schema: public; Owner: postgres
--

ALTER TABLE ONLY public.pages ALTER COLUMN id SET DEFAULT nextval('public.pages_id_seq'::regclass);


--
-- Name: payload_migrations id; Type: DEFAULT; Schema: public; Owner: postgres
--

ALTER TABLE ONLY public.payload_migrations ALTER COLUMN id SET DEFAULT nextval('public.payload_migrations_id_seq'::regclass);


--
-- Name: payload_preferences id; Type: DEFAULT; Schema: public; Owner: postgres
--

ALTER TABLE ONLY public.payload_preferences ALTER COLUMN id SET DEFAULT nextval('public.payload_preferences_id_seq'::regclass);


--
-- Name: payload_preferences_rels id; Type: DEFAULT; Schema: public; Owner: postgres
--

ALTER TABLE ONLY public.payload_preferences_rels ALTER COLUMN id SET DEFAULT nextval('public.payload_preferences_rels_id_seq'::regclass);


--
-- Name: projects id; Type: DEFAULT; Schema: public; Owner: postgres
--

ALTER TABLE ONLY public.projects ALTER COLUMN id SET DEFAULT nextval('public.projects_id_seq'::regclass);


--
-- Name: skills id; Type: DEFAULT; Schema: public; Owner: postgres
--

ALTER TABLE ONLY public.skills ALTER COLUMN id SET DEFAULT nextval('public.skills_id_seq'::regclass);


--
-- Name: users id; Type: DEFAULT; Schema: public; Owner: postgres
--

ALTER TABLE ONLY public.users ALTER COLUMN id SET DEFAULT nextval('public.users_id_seq'::regclass);


--
-- Name: messages id; Type: DEFAULT; Schema: realtime; Owner: supabase_realtime_admin
--

ALTER TABLE ONLY realtime.messages ALTER COLUMN id SET DEFAULT nextval('realtime.messages_id_seq'::regclass);


--
-- Data for Name: audit_log_entries; Type: TABLE DATA; Schema: auth; Owner: supabase_auth_admin
--

COPY auth.audit_log_entries (instance_id, id, payload, created_at, ip_address) FROM stdin;
\.


--
-- Data for Name: flow_state; Type: TABLE DATA; Schema: auth; Owner: supabase_auth_admin
--

COPY auth.flow_state (id, user_id, auth_code, code_challenge_method, code_challenge, provider_type, provider_access_token, provider_refresh_token, created_at, updated_at, authentication_method, auth_code_issued_at) FROM stdin;
\.


--
-- Data for Name: identities; Type: TABLE DATA; Schema: auth; Owner: supabase_auth_admin
--

COPY auth.identities (provider_id, user_id, identity_data, provider, last_sign_in_at, created_at, updated_at, id) FROM stdin;
\.


--
-- Data for Name: instances; Type: TABLE DATA; Schema: auth; Owner: supabase_auth_admin
--

COPY auth.instances (id, uuid, raw_base_config, created_at, updated_at) FROM stdin;
\.


--
-- Data for Name: mfa_amr_claims; Type: TABLE DATA; Schema: auth; Owner: supabase_auth_admin
--

COPY auth.mfa_amr_claims (session_id, created_at, updated_at, authentication_method, id) FROM stdin;
\.


--
-- Data for Name: mfa_challenges; Type: TABLE DATA; Schema: auth; Owner: supabase_auth_admin
--

COPY auth.mfa_challenges (id, factor_id, created_at, verified_at, ip_address) FROM stdin;
\.


--
-- Data for Name: mfa_factors; Type: TABLE DATA; Schema: auth; Owner: supabase_auth_admin
--

COPY auth.mfa_factors (id, user_id, friendly_name, factor_type, status, created_at, updated_at, secret) FROM stdin;
\.


--
-- Data for Name: one_time_tokens; Type: TABLE DATA; Schema: auth; Owner: supabase_auth_admin
--

COPY auth.one_time_tokens (id, user_id, token_type, token_hash, relates_to, created_at, updated_at) FROM stdin;
\.


--
-- Data for Name: refresh_tokens; Type: TABLE DATA; Schema: auth; Owner: supabase_auth_admin
--

COPY auth.refresh_tokens (instance_id, id, token, user_id, revoked, created_at, updated_at, parent, session_id) FROM stdin;
\.


--
-- Data for Name: saml_providers; Type: TABLE DATA; Schema: auth; Owner: supabase_auth_admin
--

COPY auth.saml_providers (id, sso_provider_id, entity_id, metadata_xml, metadata_url, attribute_mapping, created_at, updated_at, name_id_format) FROM stdin;
\.


--
-- Data for Name: saml_relay_states; Type: TABLE DATA; Schema: auth; Owner: supabase_auth_admin
--

COPY auth.saml_relay_states (id, sso_provider_id, request_id, for_email, redirect_to, created_at, updated_at, flow_state_id) FROM stdin;
\.


--
-- Data for Name: schema_migrations; Type: TABLE DATA; Schema: auth; Owner: supabase_auth_admin
--

COPY auth.schema_migrations (version) FROM stdin;
20171026211738
20171026211808
20171026211834
20180103212743
20180108183307
20180119214651
20180125194653
00
20210710035447
20210722035447
20210730183235
20210909172000
20210927181326
20211122151130
20211124214934
20211202183645
20220114185221
20220114185340
20220224000811
20220323170000
20220429102000
20220531120530
20220614074223
20220811173540
20221003041349
20221003041400
20221011041400
20221020193600
20221021073300
20221021082433
20221027105023
20221114143122
20221114143410
20221125140132
20221208132122
20221215195500
20221215195800
20221215195900
20230116124310
20230116124412
20230131181311
20230322519590
20230402418590
20230411005111
20230508135423
20230523124323
20230818113222
20230914180801
20231027141322
20231114161723
20231117164230
20240115144230
20240214120130
20240306115329
20240314092811
20240427152123
20240612123726
\.


--
-- Data for Name: sessions; Type: TABLE DATA; Schema: auth; Owner: supabase_auth_admin
--

COPY auth.sessions (id, user_id, created_at, updated_at, factor_id, aal, not_after, refreshed_at, user_agent, ip, tag) FROM stdin;
\.


--
-- Data for Name: sso_domains; Type: TABLE DATA; Schema: auth; Owner: supabase_auth_admin
--

COPY auth.sso_domains (id, sso_provider_id, domain, created_at, updated_at) FROM stdin;
\.


--
-- Data for Name: sso_providers; Type: TABLE DATA; Schema: auth; Owner: supabase_auth_admin
--

COPY auth.sso_providers (id, resource_id, created_at, updated_at) FROM stdin;
\.


--
-- Data for Name: users; Type: TABLE DATA; Schema: auth; Owner: supabase_auth_admin
--

COPY auth.users (instance_id, id, aud, role, email, encrypted_password, email_confirmed_at, invited_at, confirmation_token, confirmation_sent_at, recovery_token, recovery_sent_at, email_change_token_new, email_change, email_change_sent_at, last_sign_in_at, raw_app_meta_data, raw_user_meta_data, is_super_admin, created_at, updated_at, phone, phone_confirmed_at, phone_change, phone_change_token, phone_change_sent_at, email_change_token_current, email_change_confirm_status, banned_until, reauthentication_token, reauthentication_sent_at, is_sso_user, deleted_at, is_anonymous) FROM stdin;
\.


--
-- Data for Name: key; Type: TABLE DATA; Schema: pgsodium; Owner: supabase_admin
--

COPY pgsodium.key (id, status, created, expires, key_type, key_id, key_context, name, associated_data, raw_key, raw_key_nonce, parent_key, comment, user_data) FROM stdin;
\.


--
-- Data for Name: experiences; Type: TABLE DATA; Schema: public; Owner: postgres
--

COPY public.experiences (id, title, location, description, icon_id, date, updated_at, created_at) FROM stdin;
4	Senior .NET Developer	Tampa, FL	{"root": {"type": "root", "format": "", "indent": 0, "version": 1, "children": [{"type": "paragraph", "format": "", "indent": 0, "version": 1, "children": [{"mode": "normal", "text": "Developed and maintained N-Tier OLTP student information system managing 100,000+ students. Technical lead for student administration system. Integrated with SAP accounting system.", "type": "text", "style": "", "detail": 0, "format": 0, "version": 1}], "direction": "ltr", "textFormat": 0}], "direction": "ltr"}}	\N	Jan 2004 - Nov 2005	2024-06-20 02:50:34.245+00	2024-05-11 04:38:30.868+00
6	DotNetNuke Architect	Tampa, FL	{"root": {"type": "root", "format": "", "indent": 0, "version": 1, "children": [{"type": "paragraph", "format": "", "indent": 0, "version": 1, "children": [{"mode": "normal", "text": "Architected social networking site on DNN and .NET 3.5 for tracking favorite sports teams and fantasy leagues. Developed custom DNN modules for forums, messaging, surveys, analytics. Integrated sports stats feed.", "type": "text", "style": "", "detail": 0, "format": 0, "version": 1}], "direction": "ltr", "textFormat": 0}], "direction": "ltr"}}	\N	Sep 2008 - Nov 2008	2024-06-20 02:50:41.737+00	2024-05-11 04:38:30.523+00
8	Independent Developer	Tampa, FL	{"root": {"type": "root", "format": "", "indent": 0, "version": 1, "children": [{"type": "paragraph", "format": "", "indent": 0, "version": 1, "children": [{"mode": "normal", "text": "Supported and maintained custom DNN modules including document management system, gallery module, store module developed for Advantage International and rebranded to KenDev.Co.", "type": "text", "style": "", "detail": 0, "format": 0, "version": 1}], "direction": "ltr", "textFormat": 0}], "direction": "ltr"}}	\N	May 2015 - Apr 2021	2024-06-20 02:50:42.618+00	2024-05-11 04:38:30.334+00
9	DNN Subject Matter Expert	St Louis, MO	{"root": {"type": "root", "format": "", "indent": 0, "version": 1, "children": [{"type": "paragraph", "format": "", "indent": 0, "version": 1, "children": [{"mode": "normal", "text": "Led technical management and maintenance for 35 standalone DNN websites hosting 50+ custom healthcare web apps, demanding expertise in DNN/MVC frameworks. Orchestrated upgrade of 20 sites from DNN 8 to 9, migrating to Windows Server 2019. Demonstrated leadership in complex migrations.", "type": "text", "style": "", "detail": 0, "format": 0, "version": 1}], "direction": "ltr", "textFormat": 0}], "direction": "ltr"}}	\N	Mar 2021 - Aug 2024	2024-06-20 02:50:42.974+00	2024-05-11 04:38:30.232+00
1	Navy Machinist's Mate	United States	{"root": {"type": "root", "format": "", "indent": 0, "version": 1, "children": [{"type": "paragraph", "format": "justify", "indent": 0, "version": 1, "children": [{"mode": "normal", "text": "Operated, maintained, and tested components on nuclear submarine. Qualified for all watchstations of Naval Nuclear Propulsion Plant. Assisted in submarine decommissioning.", "type": "text", "style": "", "detail": 0, "format": 0, "version": 1}], "direction": "ltr", "textFormat": 0}], "direction": "ltr"}}	17	Jan 1991 - Oct 1994	2024-06-24 01:52:11.209+00	2024-05-11 04:38:31.133+00
2	Software Developer	St Petersburg, FL	{"root": {"type": "root", "format": "", "indent": 0, "version": 1, "children": [{"type": "paragraph", "format": "justify", "indent": 0, "version": 1, "children": [{"mode": "normal", "text": "Designed and developed solutions utilizing VB, ASP, COM+, SQL Server. Integrated ecommerce sites with payment systems. Implemented order fulfillment, inventory management, and data synchronization.", "type": "text", "style": "", "detail": 0, "format": 0, "version": 1}], "direction": "ltr", "textFormat": 0}], "direction": "ltr"}}	18	Jan 2000 - Jan 2001	2024-06-24 01:52:40.623+00	2024-05-11 04:38:31.045+00
3	Mortgage Software Engineer	Tampa, FL	{"root": {"type": "root", "format": "", "indent": 0, "version": 1, "children": [{"type": "paragraph", "format": "", "indent": 0, "version": 1, "children": [{"mode": "normal", "text": "Member of team focused on N-Tier enterprise mortgage underwriting analysis app. Provided analysis to transform business rules into coded solutions. Authored technical documentation.", "type": "text", "style": "", "detail": 0, "format": 0, "version": 1}], "direction": "ltr", "textFormat": 0}], "direction": "ltr"}}	18	Mar 2001 - Jan 2003	2024-06-24 01:53:10.989+00	2024-05-11 04:38:30.956+00
5	Internal Systems Architect	Tampa, FL	{"root": {"type": "root", "format": "", "indent": 0, "version": 1, "children": [{"type": "paragraph", "format": "", "indent": 0, "version": 1, "children": [{"mode": "normal", "text": "Enhanced LOB ERP system used by 500+ sales reps to add order return capabilities, streamlining process. Led major CRM integration project to create 360 customer view across 10 core business systems.", "type": "text", "style": "", "detail": 0, "format": 0, "version": 1}], "direction": "ltr", "textFormat": 0}], "direction": "ltr"}}	18	Jun 2006 - Oct 2008	2024-06-24 01:54:38.558+00	2024-05-11 04:38:30.612+00
7	Senior .NET Consultant	Tampa, FL	{"root": {"type": "root", "format": "", "indent": 0, "version": 1, "children": [{"type": "paragraph", "format": "", "indent": 0, "version": 1, "children": [{"mode": "normal", "text": "Integrated two separate DNN websites operating on different versions, upgraded both sites to latest version 4.9.2. Upgraded commercial Portal Store module. Combined 10,000+ user accounts from sites into new consolidated site.", "type": "text", "style": "", "detail": 0, "format": 0, "version": 1}], "direction": "ltr", "textFormat": 0}], "direction": "ltr"}}	18	Feb 2009 - May 2015	2024-07-31 05:40:13.044+00	2024-05-11 04:38:30.432+00
\.


--
-- Data for Name: media; Type: TABLE DATA; Schema: public; Owner: postgres
--

COPY public.media (id, updated_at, created_at, url, thumbnail_u_r_l, filename, mime_type, filesize, width, height, focal_x, focal_y, text) FROM stdin;
25	2024-07-31 05:33:36.46+00	2024-06-24 02:28:08.162+00	/api/media/file/ken-1.png	\N	ken.png	image/png	285796	390	387	50	50	KenDev Portfolio
24	2024-07-31 05:34:27.528+00	2024-06-24 01:51:03.039+00	/api/media/file/next-discordant.png	\N	discordant.png	image/png	146702	861	525	50	50	Next Discordant - A Discord Clone
23	2024-07-31 05:34:46.175+00	2024-06-24 01:50:09.818+00	/api/media/file/nextlms.png	\N	nextlms-1.png	image/png	535174	1506	966	50	50	Next LMS
22	2024-07-31 05:35:04.643+00	2024-06-24 01:49:23.968+00	/api/media/file/Next-Jotion.png	\N	jotion.png	image/png	96857	720	932	50	50	Next Jotion - A Notion Clone
21	2024-07-31 05:35:30.199+00	2024-06-24 01:47:44.927+00	/api/media/file/next-commerce-front.png	\N	commerce.png	image/png	1331292	1260	1218	50	50	Next Commerce Front
19	2024-07-31 05:37:27.43+00	2024-06-24 01:43:21.629+00	/api/media/file/Next-Trello.png	\N	Next-Trello-Clone.png	image/png	142755	620	540	50	50	Next Trello Clone
20	2024-07-31 05:37:59.402+00	2024-06-24 01:46:45.631+00	/api/media/file/Screenshot 2024-05-17 222849.png	\N	Next-Portfolio.png	image/png	425861	1055	1036	50	50	Next Portfolio
18	2024-07-31 05:38:41.207+00	2024-06-24 01:41:23.211+00	/api/media/file/icon_dnn.png	\N	icon_dnn-1.png	image/png	59836	198	195	50	50	Go DotNetNuke!
17	2024-07-31 05:39:10.077+00	2024-06-24 01:11:06.762+00	/api/media/file/icon_navy.png	\N	icon_navy-1.png	image/png	48294	198	204	50	50	Go Navy!
\.


--
-- Data for Name: pages; Type: TABLE DATA; Schema: public; Owner: postgres
--

COPY public.pages (id, title, content, updated_at, created_at) FROM stdin;
1	About Me	{"root": {"type": "root", "format": "", "indent": 0, "version": 1, "children": [{"type": "paragraph", "format": "justify", "indent": 0, "version": 1, "children": [{"mode": "normal", "text": "As a seasoned full stack developer and .NET expert with over 20 years of experience, I bring a rich blend of technical acumen and innovative thinking to the forefront of technology development. My journey spans designing, developing, and delivering complex business solutions, with a specialized focus on integrating cutting-edge AI technologies.", "type": "text", "style": "", "detail": 0, "format": 0, "version": 1}], "direction": "ltr", "textFormat": 0}, {"type": "paragraph", "format": "justify", "indent": 0, "version": 1, "children": [{"mode": "normal", "text": "I am proficient in a diverse array of JavaScript frameworks, including NextJS, Vue 3, React, jQuery, AJAX, and Angular, and have deep expertise in .NET frameworks such as ASP.NET, VB.NET, C#, WPF, Web API, and Azure. My technical portfolio also extends to the DNN (DotNetNuke) platform, where I have built custom modules and enhancements, demonstrating my prowess in this domain.", "type": "text", "style": "", "detail": 0, "format": 0, "version": 1}], "direction": "ltr", "textFormat": 0}, {"type": "paragraph", "format": "justify", "indent": 0, "version": 1, "children": [{"mode": "normal", "text": "My skills in generative AI technologies set me apart in the industry. I excel in writing personalized Chat GPT clients and agents, fine-tuning OpenAI and other open-source LLMs. My proficiency in using vector encodings for document search and crafting custom generative AI solutions is a testament to my ability to stay ahead in the tech curve.", "type": "text", "style": "", "detail": 0, "format": 0, "version": 1}], "direction": "ltr", "textFormat": 0}, {"type": "paragraph", "format": "justify", "indent": 0, "version": 1, "children": [{"mode": "normal", "text": "With a strong background in database development, including Mongo, Atlas, Supabase, Firebase, SQL Server, T-SQL, and SQL Reporting, I bring a comprehensive skill set to the table. My experience in SOA and integration technologies, encompassing XML, Web Services, and BizTalk, further complements my technical expertise.", "type": "text", "style": "", "detail": 0, "format": 0, "version": 1}], "direction": "ltr", "textFormat": 0}, {"type": "paragraph", "format": "justify", "indent": 0, "version": 1, "children": [{"mode": "normal", "text": "I am eager to leverage my extensive technical expertise, leadership skills, and innovative approach in a hands-on technology leadership role. I am excited to explore opportunities where I can drive innovation and deliver exceptional results for your organization. Let's connect and discuss how I can contribute to your team.", "type": "text", "style": "", "detail": 0, "format": 0, "version": 1}], "direction": "ltr", "textFormat": 0}], "direction": "ltr"}}	2024-06-24 05:48:31.254+00	2024-05-12 03:57:51.329+00
\.


--
-- Data for Name: payload_migrations; Type: TABLE DATA; Schema: public; Owner: postgres
--

COPY public.payload_migrations (id, name, batch, updated_at, created_at) FROM stdin;
1	dev	-1	2024-07-31 05:40:44.406+00	2024-06-20 02:16:46.622+00
\.


--
-- Data for Name: payload_preferences; Type: TABLE DATA; Schema: public; Owner: postgres
--

COPY public.payload_preferences (id, key, value, updated_at, created_at) FROM stdin;
1	collapsed-Collections-groups	["Collections"]	2024-06-20 03:08:44.672+00	2024-06-20 03:08:44.672+00
2	collapsed-Collections-groups	[]	2024-06-20 03:09:04.183+00	2024-06-20 03:09:04.183+00
3	experiences-list	{"limit": "50"}	2024-06-21 05:37:25.466+00	2024-06-21 05:37:25.466+00
6	collection-projects-6	{"fields": {"tags": {"collapsed": ["667399082f9e41ec7489f6ef"]}}}	2024-06-24 01:51:21.201+00	2024-06-24 01:51:21.201+00
5	collection-projects-6	{"fields": {"tags": {"collapsed": ["667399082f9e41ec7489f6ef", "667399082f9e41ec7489f6f0", "667399082f9e41ec7489f6f1", "667399082f9e41ec7489f6f2", "667399082f9e41ec7489f6f3"]}}}	2024-06-24 01:51:21.202+00	2024-06-24 01:51:21.202+00
4	media-list	{"sort": null}	2024-06-21 05:38:43.704+00	2024-06-21 05:38:43.704+00
\.


--
-- Data for Name: payload_preferences_rels; Type: TABLE DATA; Schema: public; Owner: postgres
--

COPY public.payload_preferences_rels (id, "order", parent_id, path, users_id) FROM stdin;
5	\N	1	user	1
6	\N	2	user	1
7	\N	3	user	1
10	\N	6	user	1
17	\N	5	user	1
18	\N	5	user	1
20	\N	4	user	1
\.


--
-- Data for Name: projects; Type: TABLE DATA; Schema: public; Owner: postgres
--

COPY public.projects (id, title, description, image_id, href, updated_at, created_at) FROM stdin;
1	Taskify - Trello Clone	{"root": {"type": "root", "format": "", "indent": 0, "version": 1, "children": [{"type": "paragraph", "format": "", "indent": 0, "version": 1, "children": [{"mode": "normal", "text": "Code With Antonio's Taskify Trello Clone is a feature-rich project management tool built with modern web technologies. Utilizing Next.js for a dynamic and responsive user interface, this project leverages Cloudinary for image storage, Prisma for database management, Tailwind CSS for styling, and Clerk for user authentication. Taskify mirrors the functionality of Trello, allowing users to create, manage, and organize tasks seamlessly in a collaborative environment. ", "type": "text", "style": "", "detail": 0, "format": 2, "version": 1}], "direction": "ltr", "textFormat": 2}], "direction": "ltr"}}	19	https://taskify.kendev.co/	2024-06-24 01:43:34.876+00	2024-05-18 02:33:27.416+00
2	Payload Powered Portfolio Site	{"root": {"type": "root", "format": "", "indent": 0, "version": 1, "children": [{"type": "paragraph", "format": "", "indent": 0, "version": 1, "children": [{"mode": "normal", "text": "KenDev's Portfolio is a professional showcase powered by Next.js and PayloadCMS. This site highlights a comprehensive array of projects, skills, and experiences with a focus on full-stack development. Utilizing Next.js for seamless performance and PayloadCMS for robust content management, the portfolio features a dynamic and responsive design enhanced by Tailwind CSS. The integration of MySQL ensures efficient data handling, while React powers the interactive user interface. ", "type": "text", "style": "", "detail": 0, "format": 2, "version": 1}], "direction": "ltr", "textFormat": 2}], "direction": "ltr"}}	20	https://folio.kendev.co	2024-06-24 01:47:05.222+00	2024-05-17 04:50:06.848+00
3	Next Commerce	{"root": {"type": "root", "format": "", "indent": 0, "version": 1, "children": [{"type": "paragraph", "format": "", "indent": 0, "version": 1, "children": [{"mode": "normal", "text": "A fullstack commerce solution with separate admin dashboard by Code with Antonio.", "type": "text", "style": "", "detail": 0, "format": 0, "version": 1}], "direction": "ltr", "textFormat": 0}], "direction": "ltr"}}	21	https://next-commerce-store.kendev.co/	2024-06-24 01:48:45.495+00	2024-05-11 04:38:31.607+00
4	Notion Clone	{"root": {"type": "root", "format": "", "indent": 0, "version": 1, "children": [{"type": "paragraph", "format": "", "indent": 0, "version": 1, "children": [{"mode": "normal", "text": "A personal clone of Notion, plus enhancements for personal use by Code with Antonio.", "type": "text", "style": "", "detail": 0, "format": 0, "version": 1}], "direction": "ltr", "textFormat": 0}], "direction": "ltr"}}	22	https://notes.kendev.co/	2024-06-24 01:49:30.668+00	2024-05-11 04:38:31.511+00
5	Next LMS	{"root": {"type": "root", "format": "", "indent": 0, "version": 1, "children": [{"type": "paragraph", "format": "", "indent": 0, "version": 1, "children": [{"mode": "normal", "text": "Next LMS is a powerful and flexible learning management system with user management, dark mode, error handling for video upload, and a variety of other features by Code with Antonio.", "type": "text", "style": "", "detail": 0, "format": 0, "version": 1}], "direction": "ltr", "textFormat": 0}], "direction": "ltr"}}	23	https://lms.kendev.co	2024-06-24 01:50:13.622+00	2024-05-11 04:38:31.423+00
6	Discordant	{"root": {"type": "root", "format": "", "indent": 0, "version": 1, "children": [{"type": "paragraph", "format": "", "indent": 0, "version": 1, "children": [{"mode": "normal", "text": "Full featured Discord clone with 1-1 voice and video calling, Clerk authentication, Upload Thing file repository, and more.", "type": "text", "style": "", "detail": 0, "format": 0, "version": 1}], "direction": "ltr", "textFormat": 0}], "direction": "ltr"}}	24	https://discordant.kendev.co/	2024-06-24 01:51:34.414+00	2024-05-11 04:38:31.328+00
\.


--
-- Data for Name: projects_tags; Type: TABLE DATA; Schema: public; Owner: postgres
--

COPY public.projects_tags (_order, _parent_id, id, tag) FROM stdin;
1	1	667399062f9e41ec7489f6d2	NextJS
2	1	667399062f9e41ec7489f6d3	Cloudinary
3	1	667399062f9e41ec7489f6d4	Prisma
4	1	667399062f9e41ec7489f6d5	Clerk Auth
5	1	667399062f9e41ec7489f6d6	TailwindsCSS
1	2	667399062f9e41ec7489f6d7	NextJS
2	2	667399062f9e41ec7489f6d8	PayloadCMS
3	2	667399062f9e41ec7489f6d9	MySQL
4	2	667399062f9e41ec7489f6da	TAILWIND
5	2	667399062f9e41ec7489f6db	REACT
6	2	667399062f9e41ec7489f6dc	Framer Motion
7	2	667399062f9e41ec7489f6dd	ShadCN 
8	2	667399062f9e41ec7489f6de	Aceternity
1	3	667399072f9e41ec7489f6df	React
2	3	667399072f9e41ec7489f6e0	Next.js
3	3	667399072f9e41ec7489f6e1	Mongo
4	3	667399072f9e41ec7489f6e2	Tailwind
5	3	667399072f9e41ec7489f6e3	Prisma
1	4	667399072f9e41ec7489f6e4	React
2	4	667399072f9e41ec7489f6e5	Next.js
3	4	667399072f9e41ec7489f6e6	Mongo
4	4	667399072f9e41ec7489f6e7	Tailwind
5	4	667399072f9e41ec7489f6e8	Prisma
6	4	667399072f9e41ec7489f6e9	Convex
1	5	667399082f9e41ec7489f6ea	React
2	5	667399082f9e41ec7489f6eb	Next.js
3	5	667399082f9e41ec7489f6ec	MongoDB
4	5	667399082f9e41ec7489f6ed	Tailwind
5	5	667399082f9e41ec7489f6ee	Prisma
1	6	667399082f9e41ec7489f6ef	React
2	6	667399082f9e41ec7489f6f0	TypeScript
3	6	667399082f9e41ec7489f6f1	Next.js
4	6	667399082f9e41ec7489f6f2	Tailwind
5	6	667399082f9e41ec7489f6f3	Redux
\.


--
-- Data for Name: skills; Type: TABLE DATA; Schema: public; Owner: postgres
--

COPY public.skills (id, name, updated_at, created_at) FROM stdin;
1	VS Code	2024-06-20 02:51:00.442+00	2024-05-20 03:22:16.169+00
2	PayloadCMS	2024-06-20 02:51:02.744+00	2024-05-19 23:38:06.88+00
3	Microsoft Visual Source Safe	2024-06-20 02:51:05.777+00	2024-05-11 04:38:35.793+00
4	Redux	2024-06-20 02:51:06.302+00	2024-05-11 04:38:35.705+00
5	Tailwind	2024-06-20 02:51:06.855+00	2024-05-11 04:38:35.614+00
6	Framer Motion	2024-06-20 02:51:07.288+00	2024-05-11 04:38:35.529+00
7	Dynatrace	2024-06-20 02:51:07.756+00	2024-05-11 04:38:35.438+00
8	Debugging	2024-06-20 02:51:08.185+00	2024-05-11 04:38:35.35+00
9	Documentation	2024-06-20 02:51:08.718+00	2024-05-11 04:38:35.263+00
10	Visio	2024-06-20 02:51:09.242+00	2024-05-11 04:38:35.171+00
11	Microsoft Project	2024-06-20 02:51:09.71+00	2024-05-11 04:38:35.082+00
12	Scrum	2024-06-20 02:51:10.107+00	2024-05-11 04:38:34.992+00
13	DotNetNuke (DNN)	2024-06-20 02:51:10.539+00	2024-05-11 04:38:34.902+00
14	Visual Basic	2024-06-20 02:51:10.92+00	2024-05-11 04:38:34.813+00
15	Visual Studio Code	2024-06-20 02:51:11.356+00	2024-05-11 04:38:34.723+00
16	Microsoft Visual Studio.NET	2024-06-20 02:51:11.818+00	2024-05-11 04:38:34.633+00
17	.NET Framework	2024-06-20 02:51:12.34+00	2024-05-11 04:38:34.547+00
18	C#	2024-06-20 02:51:12.766+00	2024-05-11 04:38:34.453+00
19	Microsoft SQL Server	2024-06-20 02:51:13.159+00	2024-05-11 04:38:34.361+00
20	Internet Information Services (IIS)	2024-06-20 02:51:13.682+00	2024-05-11 04:38:34.275+00
21	Windows Server Administration	2024-06-20 02:51:14.157+00	2024-05-11 04:38:34.177+00
22	Windows Server	2024-06-20 02:51:14.504+00	2024-05-11 04:38:34.092+00
23	Git	2024-06-20 02:51:14.974+00	2024-05-11 04:38:34.003+00
24	ADO.NET	2024-06-20 02:51:15.428+00	2024-05-11 04:38:33.911+00
25	Databases	2024-06-20 02:51:15.853+00	2024-05-11 04:38:33.818+00
26	MongoDB	2024-06-20 02:51:16.322+00	2024-05-11 04:38:33.736+00
27	PostgreSQL	2024-06-20 02:51:16.801+00	2024-05-11 04:38:33.65+00
28	GraphQL	2024-06-20 02:51:17.281+00	2024-05-11 04:38:33.562+00
29	App.Write	2024-06-20 02:51:17.727+00	2024-05-11 04:38:33.477+00
30	Prisma	2024-06-20 02:51:18.116+00	2024-05-11 04:38:33.391+00
31	PL/SQL	2024-06-20 02:51:18.625+00	2024-05-11 04:38:33.306+00
32	SQL	2024-06-20 02:51:19.927+00	2024-05-11 04:38:33.219+00
33	Django	2024-06-20 02:51:20.397+00	2024-05-11 04:38:33.133+00
34	Python	2024-06-20 02:51:20.927+00	2024-05-11 04:38:33.049+00
35	ASP.NET MVC	2024-06-20 02:51:21.364+00	2024-05-11 04:38:32.953+00
36	ASP.NET	2024-06-20 02:51:21.705+00	2024-05-11 04:38:32.871+00
37	Cascading Style Sheets (CSS)	2024-06-20 02:51:22.179+00	2024-05-11 04:38:32.784+00
38	Responsive Web Design	2024-06-20 02:51:22.64+00	2024-05-11 04:38:32.697+00
39	Web Design	2024-06-20 02:51:23.019+00	2024-05-11 04:38:32.606+00
40	Vue.js	2024-06-20 02:51:23.501+00	2024-05-11 04:38:32.52+00
41	Next.js	2024-06-20 02:51:24.015+00	2024-05-11 04:38:32.432+00
42	Node.js	2024-06-20 02:51:24.403+00	2024-05-11 04:38:32.333+00
43	React.js	2024-06-20 02:51:24.793+00	2024-05-11 04:38:32.242+00
44	React	2024-06-20 02:51:25.194+00	2024-05-11 04:38:32.154+00
45	TypeScript	2024-06-20 02:51:25.579+00	2024-05-11 04:38:32.065+00
46	JavaScript	2024-06-20 02:51:26.215+00	2024-05-11 04:38:31.972+00
47	CSS	2024-06-20 02:51:26.621+00	2024-05-11 04:38:31.881+00
48	HTML	2024-06-20 02:51:27.154+00	2024-05-11 04:38:31.789+00
\.


--
-- Data for Name: users; Type: TABLE DATA; Schema: public; Owner: postgres
--

COPY public.users (id, updated_at, created_at, email, reset_password_token, reset_password_expiration, salt, hash, login_attempts, lock_until) FROM stdin;
1	2024-06-24 14:31:04.715+00	2024-06-20 02:17:55.975+00	kenneth.courtney@gmail.com	\N	\N	27af2ad026699f315c4557b2031cad1f98619ef3655683c7cc453216843fa97e	1561ac77ea6059c451dbc637f06c2f48436df411e6b3229ad99743d14731afd394facccd247e472826b8ade54bebb276a009582b2dbc167d429c8f2be61532dd01423fa5b5262400e2e734370fae1b558b38e045e9807bbd766e3659d98e0e07dd1866d0b5c9bff9bbb121cff771034274390eb5c37f6b5de67d542d131cd64f67078a6658d83ec15d761e321e83fe7cfbc7cfb360285f45f917e2b29dcc7485c332fc744a3251e935369f025c6c22c82f8f0951fda950a41895920a003ed1f31e21334debe4464f9dbd34d5f01b082fd1db2a2d825e23bf2e83ed627d8da2e31e04ee23a805fac15a94b6be7b3ceae8fae0047e67870392faedbe23ce355fe5b9b612ff770c335cd3d001650b03ec626e5d2696ec10543ff5df4addf8e37f0f0104294c07df8b30bc3a44e1331c231b90b66c4b32b82fbf150ce63c2c9f9cf4ae95285a9ecbf86d9f2e0708a893548da0ae32501ae8bc9a79a76c12b5c2501fd160e3e2314fee9097c33216647e560287baecefdf6f40aa147cd23b7416cb3faafc2e978f1666ae49ded5abcef76e90b8234a08fea73eeaa33485e6462e7739a50a3ed395c66cf45ce7203c99ffcaf4440f726e8ec64f00188a569fabdca4f0d7eefaa894ceb9bbd64fc63da7b87694f90e02130c41174cb088bfbb78f421bf26231d096bd6fc271fcdd497f2dc9ba7c20d0bb23488720f4c14cd2a43c80647	2	\N
\.


--
-- Data for Name: messages; Type: TABLE DATA; Schema: realtime; Owner: supabase_realtime_admin
--

COPY realtime.messages (id, topic, extension, inserted_at, updated_at) FROM stdin;
\.


--
-- Data for Name: schema_migrations; Type: TABLE DATA; Schema: realtime; Owner: supabase_admin
--

COPY realtime.schema_migrations (version, inserted_at) FROM stdin;
20211116024918	2024-06-16 16:42:01
20211116045059	2024-06-16 16:42:01
20211116050929	2024-06-16 16:42:01
20211116051442	2024-06-16 16:42:01
20211116212300	2024-06-16 16:42:01
20211116213355	2024-06-16 16:42:01
20211116213934	2024-06-16 16:42:01
20211116214523	2024-06-16 16:42:01
20211122062447	2024-06-16 16:42:01
20211124070109	2024-06-16 16:42:01
20211202204204	2024-06-16 16:42:01
20211202204605	2024-06-16 16:42:01
20211210212804	2024-06-16 16:42:01
20211228014915	2024-06-16 16:42:01
20220107221237	2024-06-16 16:42:01
20220228202821	2024-06-16 16:42:01
20220312004840	2024-06-16 16:42:01
20220603231003	2024-06-16 16:42:01
20220603232444	2024-06-16 16:42:02
20220615214548	2024-06-16 16:42:02
20220712093339	2024-06-16 16:42:02
20220908172859	2024-06-16 16:42:02
20220916233421	2024-06-16 16:42:02
20230119133233	2024-06-16 16:42:02
20230128025114	2024-06-16 16:42:02
20230128025212	2024-06-16 16:42:02
20230227211149	2024-06-16 16:42:02
20230228184745	2024-06-16 16:42:02
20230308225145	2024-06-16 16:42:02
20230328144023	2024-06-16 16:42:02
20231018144023	2024-06-16 16:42:02
20231204144023	2024-06-16 16:42:02
20231204144024	2024-06-16 16:42:02
20231204144025	2024-06-16 16:42:02
20240108234812	2024-06-16 16:42:02
20240109165339	2024-06-16 16:42:02
20240227174441	2024-06-16 16:42:02
20240311171622	2024-06-16 16:42:02
20240321100241	2024-06-16 16:42:02
20240401105812	2024-06-16 16:42:02
20240418121054	2024-06-16 16:42:02
20240523004032	2024-06-16 16:42:02
20240618124746	2024-06-18 23:26:41
\.


--
-- Data for Name: subscription; Type: TABLE DATA; Schema: realtime; Owner: supabase_admin
--

COPY realtime.subscription (id, subscription_id, entity, filters, claims, created_at) FROM stdin;
\.


--
-- Data for Name: buckets; Type: TABLE DATA; Schema: storage; Owner: supabase_storage_admin
--

COPY storage.buckets (id, name, owner, created_at, updated_at, public, avif_autodetection, file_size_limit, allowed_mime_types, owner_id) FROM stdin;
kendev-folio	kendev-folio	\N	2024-06-23 02:20:19.357019+00	2024-06-23 02:20:19.357019+00	f	f	\N	\N	\N
\.


--
-- Data for Name: migrations; Type: TABLE DATA; Schema: storage; Owner: supabase_storage_admin
--

COPY storage.migrations (id, name, hash, executed_at) FROM stdin;
0	create-migrations-table	e18db593bcde2aca2a408c4d1100f6abba2195df	2024-06-16 16:37:59.060512
1	initialmigration	6ab16121fbaa08bbd11b712d05f358f9b555d777	2024-06-16 16:37:59.076575
2	storage-schema	5c7968fd083fcea04050c1b7f6253c9771b99011	2024-06-16 16:37:59.088879
3	pathtoken-column	2cb1b0004b817b29d5b0a971af16bafeede4b70d	2024-06-16 16:37:59.159335
4	add-migrations-rls	427c5b63fe1c5937495d9c635c263ee7a5905058	2024-06-16 16:37:59.231966
5	add-size-functions	79e081a1455b63666c1294a440f8ad4b1e6a7f84	2024-06-16 16:37:59.287415
6	change-column-name-in-get-size	f93f62afdf6613ee5e7e815b30d02dc990201044	2024-06-16 16:37:59.298036
7	add-rls-to-buckets	e7e7f86adbc51049f341dfe8d30256c1abca17aa	2024-06-16 16:37:59.351111
8	add-public-to-buckets	fd670db39ed65f9d08b01db09d6202503ca2bab3	2024-06-16 16:37:59.402862
9	fix-search-function	3a0af29f42e35a4d101c259ed955b67e1bee6825	2024-06-16 16:37:59.458888
10	search-files-search-function	68dc14822daad0ffac3746a502234f486182ef6e	2024-06-16 16:37:59.511208
11	add-trigger-to-auto-update-updated_at-column	7425bdb14366d1739fa8a18c83100636d74dcaa2	2024-06-16 16:37:59.563512
12	add-automatic-avif-detection-flag	8e92e1266eb29518b6a4c5313ab8f29dd0d08df9	2024-06-16 16:37:59.619505
13	add-bucket-custom-limits	cce962054138135cd9a8c4bcd531598684b25e7d	2024-06-16 16:37:59.629729
14	use-bytes-for-max-size	941c41b346f9802b411f06f30e972ad4744dad27	2024-06-16 16:37:59.687411
15	add-can-insert-object-function	934146bc38ead475f4ef4b555c524ee5d66799e5	2024-06-16 16:37:59.77315
16	add-version	76debf38d3fd07dcfc747ca49096457d95b1221b	2024-06-16 16:37:59.82732
17	drop-owner-foreign-key	f1cbb288f1b7a4c1eb8c38504b80ae2a0153d101	2024-06-16 16:37:59.837022
18	add_owner_id_column_deprecate_owner	e7a511b379110b08e2f214be852c35414749fe66	2024-06-16 16:37:59.891272
19	alter-default-value-objects-id	02e5e22a78626187e00d173dc45f58fa66a4f043	2024-06-16 16:37:59.946854
20	list-objects-with-delimiter	cd694ae708e51ba82bf012bba00caf4f3b6393b7	2024-06-16 16:38:00.005509
21	s3-multipart-uploads	8c804d4a566c40cd1e4cc5b3725a664a9303657f	2024-06-16 16:38:00.0735
22	s3-multipart-uploads-big-ints	9737dc258d2397953c9953d9b86920b8be0cdb73	2024-06-16 16:38:00.164196
23	optimize-search-function	9d7e604cddc4b56a5422dc68c9313f4a1b6f132c	2024-06-16 16:38:00.258877
24	operation-function	8312e37c2bf9e76bbe841aa5fda889206d2bf8aa	2024-06-20 02:22:39.989184
\.


--
-- Data for Name: objects; Type: TABLE DATA; Schema: storage; Owner: supabase_storage_admin
--

COPY storage.objects (id, bucket_id, name, owner, created_at, updated_at, last_accessed_at, metadata, version, owner_id) FROM stdin;
8e80a5ed-9293-4e1c-96b2-9f470a866871	kendev-folio	icon_navy.png	\N	2024-06-24 01:11:07.77567+00	2024-06-24 01:11:07.77567+00	2024-06-24 01:11:07.77567+00	{"eTag": "\\"7d204cbfdad5cdd4c345da05b52f7222\\"", "size": 48294, "mimetype": "image/png", "cacheControl": "no-cache", "lastModified": "2024-06-24T01:11:08.000Z", "contentLength": 48294, "httpStatusCode": 200}	e4640090-2ebd-4073-b019-d38139f1b615	\N
e5fa86e7-46de-4c2f-ab80-29ea067d813f	kendev-folio	icon_dnn.png	\N	2024-06-24 01:41:24.033591+00	2024-06-24 01:41:24.033591+00	2024-06-24 01:41:24.033591+00	{"eTag": "\\"6877cadad5e4fb2baed2d3e98ff3e7ad\\"", "size": 59836, "mimetype": "image/png", "cacheControl": "no-cache", "lastModified": "2024-06-24T01:41:24.000Z", "contentLength": 59836, "httpStatusCode": 200}	0cb30258-708b-4e0c-a1d6-d723c5d69557	\N
c64da69a-4c36-4b24-9306-a1267b5f1ba6	kendev-folio	Next-Trello.png	\N	2024-06-24 01:43:22.674479+00	2024-06-24 01:43:22.674479+00	2024-06-24 01:43:22.674479+00	{"eTag": "\\"9e0d5cd3a1b6bed592168cefae2525ca\\"", "size": 142755, "mimetype": "image/png", "cacheControl": "no-cache", "lastModified": "2024-06-24T01:43:23.000Z", "contentLength": 142755, "httpStatusCode": 200}	6cfa1cb8-7809-41b1-8a8d-568427f6783d	\N
50101c97-9ea5-41c9-afa6-77e3d0f3b8f6	kendev-folio	Next-Portfolio.png	\N	2024-06-24 01:46:46.671322+00	2024-06-24 01:46:46.671322+00	2024-06-24 01:46:46.671322+00	{"eTag": "\\"97c4b4e4dc3a8e3b20473a8025fa1c53\\"", "size": 425861, "mimetype": "image/png", "cacheControl": "no-cache", "lastModified": "2024-06-24T01:46:47.000Z", "contentLength": 425861, "httpStatusCode": 200}	e6182fd1-1e96-48fd-9ebc-a3c74bb508ef	\N
4a8927e4-1c0d-4a45-9f25-dade086c5371	kendev-folio	next-commerce-front.png	\N	2024-06-24 01:47:46.696744+00	2024-06-24 01:47:46.696744+00	2024-06-24 01:47:46.696744+00	{"eTag": "\\"3c87bd651c3836ed2aff0c2f709bdce2\\"", "size": 1331292, "mimetype": "image/png", "cacheControl": "no-cache", "lastModified": "2024-06-24T01:47:47.000Z", "contentLength": 1331292, "httpStatusCode": 200}	8827562a-22a4-42ac-9c4b-1e4451d7695a	\N
80773f78-8521-4123-9329-58a7db15e588	kendev-folio	Next-Jotion.png	\N	2024-06-24 01:49:24.940761+00	2024-06-24 01:49:24.940761+00	2024-06-24 01:49:24.940761+00	{"eTag": "\\"8df0295cdaab65cc5b280d017e6930db\\"", "size": 96857, "mimetype": "image/png", "cacheControl": "no-cache", "lastModified": "2024-06-24T01:49:25.000Z", "contentLength": 96857, "httpStatusCode": 200}	46a3d3a4-4a1b-4af5-a3ff-81eac9b04d13	\N
6cd9f3da-2824-4830-925f-99f97eff46b2	kendev-folio	nextlms.png	\N	2024-06-24 01:50:10.684364+00	2024-06-24 01:50:10.684364+00	2024-06-24 01:50:10.684364+00	{"eTag": "\\"28052006744bdc471e93d4757a729a30\\"", "size": 535174, "mimetype": "image/png", "cacheControl": "no-cache", "lastModified": "2024-06-24T01:50:11.000Z", "contentLength": 535174, "httpStatusCode": 200}	b45f6eee-18f4-489d-9184-e375addc2aed	\N
9b194eb5-07c2-4f0c-8899-320deb490636	kendev-folio	next-discordant.png	\N	2024-06-24 01:51:04.065546+00	2024-06-24 01:51:04.065546+00	2024-06-24 01:51:04.065546+00	{"eTag": "\\"8f9bba2c71406e83ab0caa6fa711e001\\"", "size": 146702, "mimetype": "image/png", "cacheControl": "no-cache", "lastModified": "2024-06-24T01:51:04.000Z", "contentLength": 146702, "httpStatusCode": 200}	a380913d-750c-4cb7-b8c3-003c6b87d1fc	\N
29d46a72-a35e-4624-a9e2-089b9c83d7cf	kendev-folio	ken.webp	\N	2024-06-30 02:36:40.094959+00	2024-06-30 02:36:40.094959+00	2024-06-30 02:36:40.094959+00	{"eTag": "\\"a47234dbee06289b427bfba5574f791d\\"", "size": 13566, "mimetype": "image/webp", "cacheControl": "no-cache", "lastModified": "2024-06-30T02:36:40.000Z", "contentLength": 13566, "httpStatusCode": 200}	2f918978-489d-4996-adc1-89a3daf04dfa	\N
\.


--
-- Data for Name: s3_multipart_uploads; Type: TABLE DATA; Schema: storage; Owner: supabase_storage_admin
--

COPY storage.s3_multipart_uploads (id, in_progress_size, upload_signature, bucket_id, key, version, owner_id, created_at) FROM stdin;
\.


--
-- Data for Name: s3_multipart_uploads_parts; Type: TABLE DATA; Schema: storage; Owner: supabase_storage_admin
--

COPY storage.s3_multipart_uploads_parts (id, upload_id, size, part_number, bucket_id, key, etag, owner_id, version, created_at) FROM stdin;
\.


--
-- Data for Name: secrets; Type: TABLE DATA; Schema: vault; Owner: supabase_admin
--

COPY vault.secrets (id, name, description, secret, key_id, nonce, created_at, updated_at) FROM stdin;
\.


--
-- Name: refresh_tokens_id_seq; Type: SEQUENCE SET; Schema: auth; Owner: supabase_auth_admin
--

SELECT pg_catalog.setval('auth.refresh_tokens_id_seq', 1, false);


--
-- Name: key_key_id_seq; Type: SEQUENCE SET; Schema: pgsodium; Owner: supabase_admin
--

SELECT pg_catalog.setval('pgsodium.key_key_id_seq', 1, false);


--
-- Name: experiences_id_seq; Type: SEQUENCE SET; Schema: public; Owner: postgres
--

SELECT pg_catalog.setval('public.experiences_id_seq', 9, true);


--
-- Name: media_id_seq; Type: SEQUENCE SET; Schema: public; Owner: postgres
--

SELECT pg_catalog.setval('public.media_id_seq', 25, true);


--
-- Name: pages_id_seq; Type: SEQUENCE SET; Schema: public; Owner: postgres
--

SELECT pg_catalog.setval('public.pages_id_seq', 1, true);


--
-- Name: payload_migrations_id_seq; Type: SEQUENCE SET; Schema: public; Owner: postgres
--

SELECT pg_catalog.setval('public.payload_migrations_id_seq', 1, true);


--
-- Name: payload_preferences_id_seq; Type: SEQUENCE SET; Schema: public; Owner: postgres
--

SELECT pg_catalog.setval('public.payload_preferences_id_seq', 6, true);


--
-- Name: payload_preferences_rels_id_seq; Type: SEQUENCE SET; Schema: public; Owner: postgres
--

SELECT pg_catalog.setval('public.payload_preferences_rels_id_seq', 20, true);


--
-- Name: projects_id_seq; Type: SEQUENCE SET; Schema: public; Owner: postgres
--

SELECT pg_catalog.setval('public.projects_id_seq', 6, true);


--
-- Name: skills_id_seq; Type: SEQUENCE SET; Schema: public; Owner: postgres
--

SELECT pg_catalog.setval('public.skills_id_seq', 48, true);


--
-- Name: users_id_seq; Type: SEQUENCE SET; Schema: public; Owner: postgres
--

SELECT pg_catalog.setval('public.users_id_seq', 1, true);


--
-- Name: messages_id_seq; Type: SEQUENCE SET; Schema: realtime; Owner: supabase_realtime_admin
--

SELECT pg_catalog.setval('realtime.messages_id_seq', 1, false);


--
-- Name: subscription_id_seq; Type: SEQUENCE SET; Schema: realtime; Owner: supabase_admin
--

SELECT pg_catalog.setval('realtime.subscription_id_seq', 1, false);


--
-- Name: mfa_amr_claims amr_id_pk; Type: CONSTRAINT; Schema: auth; Owner: supabase_auth_admin
--

ALTER TABLE ONLY auth.mfa_amr_claims
    ADD CONSTRAINT amr_id_pk PRIMARY KEY (id);


--
-- Name: audit_log_entries audit_log_entries_pkey; Type: CONSTRAINT; Schema: auth; Owner: supabase_auth_admin
--

ALTER TABLE ONLY auth.audit_log_entries
    ADD CONSTRAINT audit_log_entries_pkey PRIMARY KEY (id);


--
-- Name: flow_state flow_state_pkey; Type: CONSTRAINT; Schema: auth; Owner: supabase_auth_admin
--

ALTER TABLE ONLY auth.flow_state
    ADD CONSTRAINT flow_state_pkey PRIMARY KEY (id);


--
-- Name: identities identities_pkey; Type: CONSTRAINT; Schema: auth; Owner: supabase_auth_admin
--

ALTER TABLE ONLY auth.identities
    ADD CONSTRAINT identities_pkey PRIMARY KEY (id);


--
-- Name: identities identities_provider_id_provider_unique; Type: CONSTRAINT; Schema: auth; Owner: supabase_auth_admin
--

ALTER TABLE ONLY auth.identities
    ADD CONSTRAINT identities_provider_id_provider_unique UNIQUE (provider_id, provider);


--
-- Name: instances instances_pkey; Type: CONSTRAINT; Schema: auth; Owner: supabase_auth_admin
--

ALTER TABLE ONLY auth.instances
    ADD CONSTRAINT instances_pkey PRIMARY KEY (id);


--
-- Name: mfa_amr_claims mfa_amr_claims_session_id_authentication_method_pkey; Type: CONSTRAINT; Schema: auth; Owner: supabase_auth_admin
--

ALTER TABLE ONLY auth.mfa_amr_claims
    ADD CONSTRAINT mfa_amr_claims_session_id_authentication_method_pkey UNIQUE (session_id, authentication_method);


--
-- Name: mfa_challenges mfa_challenges_pkey; Type: CONSTRAINT; Schema: auth; Owner: supabase_auth_admin
--

ALTER TABLE ONLY auth.mfa_challenges
    ADD CONSTRAINT mfa_challenges_pkey PRIMARY KEY (id);


--
-- Name: mfa_factors mfa_factors_pkey; Type: CONSTRAINT; Schema: auth; Owner: supabase_auth_admin
--

ALTER TABLE ONLY auth.mfa_factors
    ADD CONSTRAINT mfa_factors_pkey PRIMARY KEY (id);


--
-- Name: one_time_tokens one_time_tokens_pkey; Type: CONSTRAINT; Schema: auth; Owner: supabase_auth_admin
--

ALTER TABLE ONLY auth.one_time_tokens
    ADD CONSTRAINT one_time_tokens_pkey PRIMARY KEY (id);


--
-- Name: refresh_tokens refresh_tokens_pkey; Type: CONSTRAINT; Schema: auth; Owner: supabase_auth_admin
--

ALTER TABLE ONLY auth.refresh_tokens
    ADD CONSTRAINT refresh_tokens_pkey PRIMARY KEY (id);


--
-- Name: refresh_tokens refresh_tokens_token_unique; Type: CONSTRAINT; Schema: auth; Owner: supabase_auth_admin
--

ALTER TABLE ONLY auth.refresh_tokens
    ADD CONSTRAINT refresh_tokens_token_unique UNIQUE (token);


--
-- Name: saml_providers saml_providers_entity_id_key; Type: CONSTRAINT; Schema: auth; Owner: supabase_auth_admin
--

ALTER TABLE ONLY auth.saml_providers
    ADD CONSTRAINT saml_providers_entity_id_key UNIQUE (entity_id);


--
-- Name: saml_providers saml_providers_pkey; Type: CONSTRAINT; Schema: auth; Owner: supabase_auth_admin
--

ALTER TABLE ONLY auth.saml_providers
    ADD CONSTRAINT saml_providers_pkey PRIMARY KEY (id);


--
-- Name: saml_relay_states saml_relay_states_pkey; Type: CONSTRAINT; Schema: auth; Owner: supabase_auth_admin
--

ALTER TABLE ONLY auth.saml_relay_states
    ADD CONSTRAINT saml_relay_states_pkey PRIMARY KEY (id);


--
-- Name: schema_migrations schema_migrations_pkey; Type: CONSTRAINT; Schema: auth; Owner: supabase_auth_admin
--

ALTER TABLE ONLY auth.schema_migrations
    ADD CONSTRAINT schema_migrations_pkey PRIMARY KEY (version);


--
-- Name: sessions sessions_pkey; Type: CONSTRAINT; Schema: auth; Owner: supabase_auth_admin
--

ALTER TABLE ONLY auth.sessions
    ADD CONSTRAINT sessions_pkey PRIMARY KEY (id);


--
-- Name: sso_domains sso_domains_pkey; Type: CONSTRAINT; Schema: auth; Owner: supabase_auth_admin
--

ALTER TABLE ONLY auth.sso_domains
    ADD CONSTRAINT sso_domains_pkey PRIMARY KEY (id);


--
-- Name: sso_providers sso_providers_pkey; Type: CONSTRAINT; Schema: auth; Owner: supabase_auth_admin
--

ALTER TABLE ONLY auth.sso_providers
    ADD CONSTRAINT sso_providers_pkey PRIMARY KEY (id);


--
-- Name: users users_phone_key; Type: CONSTRAINT; Schema: auth; Owner: supabase_auth_admin
--

ALTER TABLE ONLY auth.users
    ADD CONSTRAINT users_phone_key UNIQUE (phone);


--
-- Name: users users_pkey; Type: CONSTRAINT; Schema: auth; Owner: supabase_auth_admin
--

ALTER TABLE ONLY auth.users
    ADD CONSTRAINT users_pkey PRIMARY KEY (id);


--
-- Name: experiences experiences_pkey; Type: CONSTRAINT; Schema: public; Owner: postgres
--

ALTER TABLE ONLY public.experiences
    ADD CONSTRAINT experiences_pkey PRIMARY KEY (id);


--
-- Name: media media_pkey; Type: CONSTRAINT; Schema: public; Owner: postgres
--

ALTER TABLE ONLY public.media
    ADD CONSTRAINT media_pkey PRIMARY KEY (id);


--
-- Name: pages pages_pkey; Type: CONSTRAINT; Schema: public; Owner: postgres
--

ALTER TABLE ONLY public.pages
    ADD CONSTRAINT pages_pkey PRIMARY KEY (id);


--
-- Name: payload_migrations payload_migrations_pkey; Type: CONSTRAINT; Schema: public; Owner: postgres
--

ALTER TABLE ONLY public.payload_migrations
    ADD CONSTRAINT payload_migrations_pkey PRIMARY KEY (id);


--
-- Name: payload_preferences payload_preferences_pkey; Type: CONSTRAINT; Schema: public; Owner: postgres
--

ALTER TABLE ONLY public.payload_preferences
    ADD CONSTRAINT payload_preferences_pkey PRIMARY KEY (id);


--
-- Name: payload_preferences_rels payload_preferences_rels_pkey; Type: CONSTRAINT; Schema: public; Owner: postgres
--

ALTER TABLE ONLY public.payload_preferences_rels
    ADD CONSTRAINT payload_preferences_rels_pkey PRIMARY KEY (id);


--
-- Name: projects projects_pkey; Type: CONSTRAINT; Schema: public; Owner: postgres
--

ALTER TABLE ONLY public.projects
    ADD CONSTRAINT projects_pkey PRIMARY KEY (id);


--
-- Name: projects_tags projects_tags_pkey; Type: CONSTRAINT; Schema: public; Owner: postgres
--

ALTER TABLE ONLY public.projects_tags
    ADD CONSTRAINT projects_tags_pkey PRIMARY KEY (id);


--
-- Name: skills skills_pkey; Type: CONSTRAINT; Schema: public; Owner: postgres
--

ALTER TABLE ONLY public.skills
    ADD CONSTRAINT skills_pkey PRIMARY KEY (id);


--
-- Name: users users_pkey; Type: CONSTRAINT; Schema: public; Owner: postgres
--

ALTER TABLE ONLY public.users
    ADD CONSTRAINT users_pkey PRIMARY KEY (id);


--
-- Name: messages messages_pkey; Type: CONSTRAINT; Schema: realtime; Owner: supabase_realtime_admin
--

ALTER TABLE ONLY realtime.messages
    ADD CONSTRAINT messages_pkey PRIMARY KEY (id);


--
-- Name: subscription pk_subscription; Type: CONSTRAINT; Schema: realtime; Owner: supabase_admin
--

ALTER TABLE ONLY realtime.subscription
    ADD CONSTRAINT pk_subscription PRIMARY KEY (id);


--
-- Name: schema_migrations schema_migrations_pkey; Type: CONSTRAINT; Schema: realtime; Owner: supabase_admin
--

ALTER TABLE ONLY realtime.schema_migrations
    ADD CONSTRAINT schema_migrations_pkey PRIMARY KEY (version);


--
-- Name: buckets buckets_pkey; Type: CONSTRAINT; Schema: storage; Owner: supabase_storage_admin
--

ALTER TABLE ONLY storage.buckets
    ADD CONSTRAINT buckets_pkey PRIMARY KEY (id);


--
-- Name: migrations migrations_name_key; Type: CONSTRAINT; Schema: storage; Owner: supabase_storage_admin
--

ALTER TABLE ONLY storage.migrations
    ADD CONSTRAINT migrations_name_key UNIQUE (name);


--
-- Name: migrations migrations_pkey; Type: CONSTRAINT; Schema: storage; Owner: supabase_storage_admin
--

ALTER TABLE ONLY storage.migrations
    ADD CONSTRAINT migrations_pkey PRIMARY KEY (id);


--
-- Name: objects objects_pkey; Type: CONSTRAINT; Schema: storage; Owner: supabase_storage_admin
--

ALTER TABLE ONLY storage.objects
    ADD CONSTRAINT objects_pkey PRIMARY KEY (id);


--
-- Name: s3_multipart_uploads_parts s3_multipart_uploads_parts_pkey; Type: CONSTRAINT; Schema: storage; Owner: supabase_storage_admin
--

ALTER TABLE ONLY storage.s3_multipart_uploads_parts
    ADD CONSTRAINT s3_multipart_uploads_parts_pkey PRIMARY KEY (id);


--
-- Name: s3_multipart_uploads s3_multipart_uploads_pkey; Type: CONSTRAINT; Schema: storage; Owner: supabase_storage_admin
--

ALTER TABLE ONLY storage.s3_multipart_uploads
    ADD CONSTRAINT s3_multipart_uploads_pkey PRIMARY KEY (id);


--
-- Name: audit_logs_instance_id_idx; Type: INDEX; Schema: auth; Owner: supabase_auth_admin
--

CREATE INDEX audit_logs_instance_id_idx ON auth.audit_log_entries USING btree (instance_id);


--
-- Name: confirmation_token_idx; Type: INDEX; Schema: auth; Owner: supabase_auth_admin
--

CREATE UNIQUE INDEX confirmation_token_idx ON auth.users USING btree (confirmation_token) WHERE ((confirmation_token)::text !~ '^[0-9 ]*$'::text);


--
-- Name: email_change_token_current_idx; Type: INDEX; Schema: auth; Owner: supabase_auth_admin
--

CREATE UNIQUE INDEX email_change_token_current_idx ON auth.users USING btree (email_change_token_current) WHERE ((email_change_token_current)::text !~ '^[0-9 ]*$'::text);


--
-- Name: email_change_token_new_idx; Type: INDEX; Schema: auth; Owner: supabase_auth_admin
--

CREATE UNIQUE INDEX email_change_token_new_idx ON auth.users USING btree (email_change_token_new) WHERE ((email_change_token_new)::text !~ '^[0-9 ]*$'::text);


--
-- Name: factor_id_created_at_idx; Type: INDEX; Schema: auth; Owner: supabase_auth_admin
--

CREATE INDEX factor_id_created_at_idx ON auth.mfa_factors USING btree (user_id, created_at);


--
-- Name: flow_state_created_at_idx; Type: INDEX; Schema: auth; Owner: supabase_auth_admin
--

CREATE INDEX flow_state_created_at_idx ON auth.flow_state USING btree (created_at DESC);


--
-- Name: identities_email_idx; Type: INDEX; Schema: auth; Owner: supabase_auth_admin
--

CREATE INDEX identities_email_idx ON auth.identities USING btree (email text_pattern_ops);


--
-- Name: INDEX identities_email_idx; Type: COMMENT; Schema: auth; Owner: supabase_auth_admin
--

COMMENT ON INDEX auth.identities_email_idx IS 'Auth: Ensures indexed queries on the email column';


--
-- Name: identities_user_id_idx; Type: INDEX; Schema: auth; Owner: supabase_auth_admin
--

CREATE INDEX identities_user_id_idx ON auth.identities USING btree (user_id);


--
-- Name: idx_auth_code; Type: INDEX; Schema: auth; Owner: supabase_auth_admin
--

CREATE INDEX idx_auth_code ON auth.flow_state USING btree (auth_code);


--
-- Name: idx_user_id_auth_method; Type: INDEX; Schema: auth; Owner: supabase_auth_admin
--

CREATE INDEX idx_user_id_auth_method ON auth.flow_state USING btree (user_id, authentication_method);


--
-- Name: mfa_challenge_created_at_idx; Type: INDEX; Schema: auth; Owner: supabase_auth_admin
--

CREATE INDEX mfa_challenge_created_at_idx ON auth.mfa_challenges USING btree (created_at DESC);


--
-- Name: mfa_factors_user_friendly_name_unique; Type: INDEX; Schema: auth; Owner: supabase_auth_admin
--

CREATE UNIQUE INDEX mfa_factors_user_friendly_name_unique ON auth.mfa_factors USING btree (friendly_name, user_id) WHERE (TRIM(BOTH FROM friendly_name) <> ''::text);


--
-- Name: mfa_factors_user_id_idx; Type: INDEX; Schema: auth; Owner: supabase_auth_admin
--

CREATE INDEX mfa_factors_user_id_idx ON auth.mfa_factors USING btree (user_id);


--
-- Name: one_time_tokens_relates_to_hash_idx; Type: INDEX; Schema: auth; Owner: supabase_auth_admin
--

CREATE INDEX one_time_tokens_relates_to_hash_idx ON auth.one_time_tokens USING hash (relates_to);


--
-- Name: one_time_tokens_token_hash_hash_idx; Type: INDEX; Schema: auth; Owner: supabase_auth_admin
--

CREATE INDEX one_time_tokens_token_hash_hash_idx ON auth.one_time_tokens USING hash (token_hash);


--
-- Name: one_time_tokens_user_id_token_type_key; Type: INDEX; Schema: auth; Owner: supabase_auth_admin
--

CREATE UNIQUE INDEX one_time_tokens_user_id_token_type_key ON auth.one_time_tokens USING btree (user_id, token_type);


--
-- Name: reauthentication_token_idx; Type: INDEX; Schema: auth; Owner: supabase_auth_admin
--

CREATE UNIQUE INDEX reauthentication_token_idx ON auth.users USING btree (reauthentication_token) WHERE ((reauthentication_token)::text !~ '^[0-9 ]*$'::text);


--
-- Name: recovery_token_idx; Type: INDEX; Schema: auth; Owner: supabase_auth_admin
--

CREATE UNIQUE INDEX recovery_token_idx ON auth.users USING btree (recovery_token) WHERE ((recovery_token)::text !~ '^[0-9 ]*$'::text);


--
-- Name: refresh_tokens_instance_id_idx; Type: INDEX; Schema: auth; Owner: supabase_auth_admin
--

CREATE INDEX refresh_tokens_instance_id_idx ON auth.refresh_tokens USING btree (instance_id);


--
-- Name: refresh_tokens_instance_id_user_id_idx; Type: INDEX; Schema: auth; Owner: supabase_auth_admin
--

CREATE INDEX refresh_tokens_instance_id_user_id_idx ON auth.refresh_tokens USING btree (instance_id, user_id);


--
-- Name: refresh_tokens_parent_idx; Type: INDEX; Schema: auth; Owner: supabase_auth_admin
--

CREATE INDEX refresh_tokens_parent_idx ON auth.refresh_tokens USING btree (parent);


--
-- Name: refresh_tokens_session_id_revoked_idx; Type: INDEX; Schema: auth; Owner: supabase_auth_admin
--

CREATE INDEX refresh_tokens_session_id_revoked_idx ON auth.refresh_tokens USING btree (session_id, revoked);


--
-- Name: refresh_tokens_updated_at_idx; Type: INDEX; Schema: auth; Owner: supabase_auth_admin
--

CREATE INDEX refresh_tokens_updated_at_idx ON auth.refresh_tokens USING btree (updated_at DESC);


--
-- Name: saml_providers_sso_provider_id_idx; Type: INDEX; Schema: auth; Owner: supabase_auth_admin
--

CREATE INDEX saml_providers_sso_provider_id_idx ON auth.saml_providers USING btree (sso_provider_id);


--
-- Name: saml_relay_states_created_at_idx; Type: INDEX; Schema: auth; Owner: supabase_auth_admin
--

CREATE INDEX saml_relay_states_created_at_idx ON auth.saml_relay_states USING btree (created_at DESC);


--
-- Name: saml_relay_states_for_email_idx; Type: INDEX; Schema: auth; Owner: supabase_auth_admin
--

CREATE INDEX saml_relay_states_for_email_idx ON auth.saml_relay_states USING btree (for_email);


--
-- Name: saml_relay_states_sso_provider_id_idx; Type: INDEX; Schema: auth; Owner: supabase_auth_admin
--

CREATE INDEX saml_relay_states_sso_provider_id_idx ON auth.saml_relay_states USING btree (sso_provider_id);


--
-- Name: sessions_not_after_idx; Type: INDEX; Schema: auth; Owner: supabase_auth_admin
--

CREATE INDEX sessions_not_after_idx ON auth.sessions USING btree (not_after DESC);


--
-- Name: sessions_user_id_idx; Type: INDEX; Schema: auth; Owner: supabase_auth_admin
--

CREATE INDEX sessions_user_id_idx ON auth.sessions USING btree (user_id);


--
-- Name: sso_domains_domain_idx; Type: INDEX; Schema: auth; Owner: supabase_auth_admin
--

CREATE UNIQUE INDEX sso_domains_domain_idx ON auth.sso_domains USING btree (lower(domain));


--
-- Name: sso_domains_sso_provider_id_idx; Type: INDEX; Schema: auth; Owner: supabase_auth_admin
--

CREATE INDEX sso_domains_sso_provider_id_idx ON auth.sso_domains USING btree (sso_provider_id);


--
-- Name: sso_providers_resource_id_idx; Type: INDEX; Schema: auth; Owner: supabase_auth_admin
--

CREATE UNIQUE INDEX sso_providers_resource_id_idx ON auth.sso_providers USING btree (lower(resource_id));


--
-- Name: user_id_created_at_idx; Type: INDEX; Schema: auth; Owner: supabase_auth_admin
--

CREATE INDEX user_id_created_at_idx ON auth.sessions USING btree (user_id, created_at);


--
-- Name: users_email_partial_key; Type: INDEX; Schema: auth; Owner: supabase_auth_admin
--

CREATE UNIQUE INDEX users_email_partial_key ON auth.users USING btree (email) WHERE (is_sso_user = false);


--
-- Name: INDEX users_email_partial_key; Type: COMMENT; Schema: auth; Owner: supabase_auth_admin
--

COMMENT ON INDEX auth.users_email_partial_key IS 'Auth: A partial unique index that applies only when is_sso_user is false';


--
-- Name: users_instance_id_email_idx; Type: INDEX; Schema: auth; Owner: supabase_auth_admin
--

CREATE INDEX users_instance_id_email_idx ON auth.users USING btree (instance_id, lower((email)::text));


--
-- Name: users_instance_id_idx; Type: INDEX; Schema: auth; Owner: supabase_auth_admin
--

CREATE INDEX users_instance_id_idx ON auth.users USING btree (instance_id);


--
-- Name: users_is_anonymous_idx; Type: INDEX; Schema: auth; Owner: supabase_auth_admin
--

CREATE INDEX users_is_anonymous_idx ON auth.users USING btree (is_anonymous);


--
-- Name: experiences_created_at_idx; Type: INDEX; Schema: public; Owner: postgres
--

CREATE INDEX experiences_created_at_idx ON public.experiences USING btree (created_at);


--
-- Name: media_created_at_idx; Type: INDEX; Schema: public; Owner: postgres
--

CREATE INDEX media_created_at_idx ON public.media USING btree (created_at);


--
-- Name: media_filename_idx; Type: INDEX; Schema: public; Owner: postgres
--

CREATE UNIQUE INDEX media_filename_idx ON public.media USING btree (filename);


--
-- Name: pages_created_at_idx; Type: INDEX; Schema: public; Owner: postgres
--

CREATE INDEX pages_created_at_idx ON public.pages USING btree (created_at);


--
-- Name: payload_migrations_created_at_idx; Type: INDEX; Schema: public; Owner: postgres
--

CREATE INDEX payload_migrations_created_at_idx ON public.payload_migrations USING btree (created_at);


--
-- Name: payload_preferences_created_at_idx; Type: INDEX; Schema: public; Owner: postgres
--

CREATE INDEX payload_preferences_created_at_idx ON public.payload_preferences USING btree (created_at);


--
-- Name: payload_preferences_key_idx; Type: INDEX; Schema: public; Owner: postgres
--

CREATE INDEX payload_preferences_key_idx ON public.payload_preferences USING btree (key);


--
-- Name: payload_preferences_rels_order_idx; Type: INDEX; Schema: public; Owner: postgres
--

CREATE INDEX payload_preferences_rels_order_idx ON public.payload_preferences_rels USING btree ("order");


--
-- Name: payload_preferences_rels_parent_idx; Type: INDEX; Schema: public; Owner: postgres
--

CREATE INDEX payload_preferences_rels_parent_idx ON public.payload_preferences_rels USING btree (parent_id);


--
-- Name: payload_preferences_rels_path_idx; Type: INDEX; Schema: public; Owner: postgres
--

CREATE INDEX payload_preferences_rels_path_idx ON public.payload_preferences_rels USING btree (path);


--
-- Name: projects_created_at_idx; Type: INDEX; Schema: public; Owner: postgres
--

CREATE INDEX projects_created_at_idx ON public.projects USING btree (created_at);


--
-- Name: projects_tags_order_idx; Type: INDEX; Schema: public; Owner: postgres
--

CREATE INDEX projects_tags_order_idx ON public.projects_tags USING btree (_order);


--
-- Name: projects_tags_parent_id_idx; Type: INDEX; Schema: public; Owner: postgres
--

CREATE INDEX projects_tags_parent_id_idx ON public.projects_tags USING btree (_parent_id);


--
-- Name: skills_created_at_idx; Type: INDEX; Schema: public; Owner: postgres
--

CREATE INDEX skills_created_at_idx ON public.skills USING btree (created_at);


--
-- Name: skills_name_idx; Type: INDEX; Schema: public; Owner: postgres
--

CREATE UNIQUE INDEX skills_name_idx ON public.skills USING btree (name);


--
-- Name: users_created_at_idx; Type: INDEX; Schema: public; Owner: postgres
--

CREATE INDEX users_created_at_idx ON public.users USING btree (created_at);


--
-- Name: users_email_idx; Type: INDEX; Schema: public; Owner: postgres
--

CREATE UNIQUE INDEX users_email_idx ON public.users USING btree (email);


--
-- Name: ix_realtime_subscription_entity; Type: INDEX; Schema: realtime; Owner: supabase_admin
--

CREATE INDEX ix_realtime_subscription_entity ON realtime.subscription USING hash (entity);


--
-- Name: messages_topic_index; Type: INDEX; Schema: realtime; Owner: supabase_realtime_admin
--

CREATE INDEX messages_topic_index ON realtime.messages USING btree (topic);


--
-- Name: subscription_subscription_id_entity_filters_key; Type: INDEX; Schema: realtime; Owner: supabase_admin
--

CREATE UNIQUE INDEX subscription_subscription_id_entity_filters_key ON realtime.subscription USING btree (subscription_id, entity, filters);


--
-- Name: bname; Type: INDEX; Schema: storage; Owner: supabase_storage_admin
--

CREATE UNIQUE INDEX bname ON storage.buckets USING btree (name);


--
-- Name: bucketid_objname; Type: INDEX; Schema: storage; Owner: supabase_storage_admin
--

CREATE UNIQUE INDEX bucketid_objname ON storage.objects USING btree (bucket_id, name);


--
-- Name: idx_multipart_uploads_list; Type: INDEX; Schema: storage; Owner: supabase_storage_admin
--

CREATE INDEX idx_multipart_uploads_list ON storage.s3_multipart_uploads USING btree (bucket_id, key, created_at);


--
-- Name: idx_objects_bucket_id_name; Type: INDEX; Schema: storage; Owner: supabase_storage_admin
--

CREATE INDEX idx_objects_bucket_id_name ON storage.objects USING btree (bucket_id, name COLLATE "C");


--
-- Name: name_prefix_search; Type: INDEX; Schema: storage; Owner: supabase_storage_admin
--

CREATE INDEX name_prefix_search ON storage.objects USING btree (name text_pattern_ops);


--
-- Name: subscription tr_check_filters; Type: TRIGGER; Schema: realtime; Owner: supabase_admin
--

CREATE TRIGGER tr_check_filters BEFORE INSERT OR UPDATE ON realtime.subscription FOR EACH ROW EXECUTE FUNCTION realtime.subscription_check_filters();


--
-- Name: objects update_objects_updated_at; Type: TRIGGER; Schema: storage; Owner: supabase_storage_admin
--

CREATE TRIGGER update_objects_updated_at BEFORE UPDATE ON storage.objects FOR EACH ROW EXECUTE FUNCTION storage.update_updated_at_column();


--
-- Name: identities identities_user_id_fkey; Type: FK CONSTRAINT; Schema: auth; Owner: supabase_auth_admin
--

ALTER TABLE ONLY auth.identities
    ADD CONSTRAINT identities_user_id_fkey FOREIGN KEY (user_id) REFERENCES auth.users(id) ON DELETE CASCADE;


--
-- Name: mfa_amr_claims mfa_amr_claims_session_id_fkey; Type: FK CONSTRAINT; Schema: auth; Owner: supabase_auth_admin
--

ALTER TABLE ONLY auth.mfa_amr_claims
    ADD CONSTRAINT mfa_amr_claims_session_id_fkey FOREIGN KEY (session_id) REFERENCES auth.sessions(id) ON DELETE CASCADE;


--
-- Name: mfa_challenges mfa_challenges_auth_factor_id_fkey; Type: FK CONSTRAINT; Schema: auth; Owner: supabase_auth_admin
--

ALTER TABLE ONLY auth.mfa_challenges
    ADD CONSTRAINT mfa_challenges_auth_factor_id_fkey FOREIGN KEY (factor_id) REFERENCES auth.mfa_factors(id) ON DELETE CASCADE;


--
-- Name: mfa_factors mfa_factors_user_id_fkey; Type: FK CONSTRAINT; Schema: auth; Owner: supabase_auth_admin
--

ALTER TABLE ONLY auth.mfa_factors
    ADD CONSTRAINT mfa_factors_user_id_fkey FOREIGN KEY (user_id) REFERENCES auth.users(id) ON DELETE CASCADE;


--
-- Name: one_time_tokens one_time_tokens_user_id_fkey; Type: FK CONSTRAINT; Schema: auth; Owner: supabase_auth_admin
--

ALTER TABLE ONLY auth.one_time_tokens
    ADD CONSTRAINT one_time_tokens_user_id_fkey FOREIGN KEY (user_id) REFERENCES auth.users(id) ON DELETE CASCADE;


--
-- Name: refresh_tokens refresh_tokens_session_id_fkey; Type: FK CONSTRAINT; Schema: auth; Owner: supabase_auth_admin
--

ALTER TABLE ONLY auth.refresh_tokens
    ADD CONSTRAINT refresh_tokens_session_id_fkey FOREIGN KEY (session_id) REFERENCES auth.sessions(id) ON DELETE CASCADE;


--
-- Name: saml_providers saml_providers_sso_provider_id_fkey; Type: FK CONSTRAINT; Schema: auth; Owner: supabase_auth_admin
--

ALTER TABLE ONLY auth.saml_providers
    ADD CONSTRAINT saml_providers_sso_provider_id_fkey FOREIGN KEY (sso_provider_id) REFERENCES auth.sso_providers(id) ON DELETE CASCADE;


--
-- Name: saml_relay_states saml_relay_states_flow_state_id_fkey; Type: FK CONSTRAINT; Schema: auth; Owner: supabase_auth_admin
--

ALTER TABLE ONLY auth.saml_relay_states
    ADD CONSTRAINT saml_relay_states_flow_state_id_fkey FOREIGN KEY (flow_state_id) REFERENCES auth.flow_state(id) ON DELETE CASCADE;


--
-- Name: saml_relay_states saml_relay_states_sso_provider_id_fkey; Type: FK CONSTRAINT; Schema: auth; Owner: supabase_auth_admin
--

ALTER TABLE ONLY auth.saml_relay_states
    ADD CONSTRAINT saml_relay_states_sso_provider_id_fkey FOREIGN KEY (sso_provider_id) REFERENCES auth.sso_providers(id) ON DELETE CASCADE;


--
-- Name: sessions sessions_user_id_fkey; Type: FK CONSTRAINT; Schema: auth; Owner: supabase_auth_admin
--

ALTER TABLE ONLY auth.sessions
    ADD CONSTRAINT sessions_user_id_fkey FOREIGN KEY (user_id) REFERENCES auth.users(id) ON DELETE CASCADE;


--
-- Name: sso_domains sso_domains_sso_provider_id_fkey; Type: FK CONSTRAINT; Schema: auth; Owner: supabase_auth_admin
--

ALTER TABLE ONLY auth.sso_domains
    ADD CONSTRAINT sso_domains_sso_provider_id_fkey FOREIGN KEY (sso_provider_id) REFERENCES auth.sso_providers(id) ON DELETE CASCADE;


--
-- Name: experiences experiences_icon_id_media_id_fk; Type: FK CONSTRAINT; Schema: public; Owner: postgres
--

ALTER TABLE ONLY public.experiences
    ADD CONSTRAINT experiences_icon_id_media_id_fk FOREIGN KEY (icon_id) REFERENCES public.media(id) ON DELETE SET NULL;


--
-- Name: payload_preferences_rels payload_preferences_rels_parent_fk; Type: FK CONSTRAINT; Schema: public; Owner: postgres
--

ALTER TABLE ONLY public.payload_preferences_rels
    ADD CONSTRAINT payload_preferences_rels_parent_fk FOREIGN KEY (parent_id) REFERENCES public.payload_preferences(id) ON DELETE CASCADE;


--
-- Name: payload_preferences_rels payload_preferences_rels_users_fk; Type: FK CONSTRAINT; Schema: public; Owner: postgres
--

ALTER TABLE ONLY public.payload_preferences_rels
    ADD CONSTRAINT payload_preferences_rels_users_fk FOREIGN KEY (users_id) REFERENCES public.users(id) ON DELETE CASCADE;


--
-- Name: projects projects_image_id_media_id_fk; Type: FK CONSTRAINT; Schema: public; Owner: postgres
--

ALTER TABLE ONLY public.projects
    ADD CONSTRAINT projects_image_id_media_id_fk FOREIGN KEY (image_id) REFERENCES public.media(id) ON DELETE SET NULL;


--
-- Name: projects_tags projects_tags_parent_id_fk; Type: FK CONSTRAINT; Schema: public; Owner: postgres
--

ALTER TABLE ONLY public.projects_tags
    ADD CONSTRAINT projects_tags_parent_id_fk FOREIGN KEY (_parent_id) REFERENCES public.projects(id) ON DELETE CASCADE;


--
-- Name: objects objects_bucketId_fkey; Type: FK CONSTRAINT; Schema: storage; Owner: supabase_storage_admin
--

ALTER TABLE ONLY storage.objects
    ADD CONSTRAINT "objects_bucketId_fkey" FOREIGN KEY (bucket_id) REFERENCES storage.buckets(id);


--
-- Name: s3_multipart_uploads s3_multipart_uploads_bucket_id_fkey; Type: FK CONSTRAINT; Schema: storage; Owner: supabase_storage_admin
--

ALTER TABLE ONLY storage.s3_multipart_uploads
    ADD CONSTRAINT s3_multipart_uploads_bucket_id_fkey FOREIGN KEY (bucket_id) REFERENCES storage.buckets(id);


--
-- Name: s3_multipart_uploads_parts s3_multipart_uploads_parts_bucket_id_fkey; Type: FK CONSTRAINT; Schema: storage; Owner: supabase_storage_admin
--

ALTER TABLE ONLY storage.s3_multipart_uploads_parts
    ADD CONSTRAINT s3_multipart_uploads_parts_bucket_id_fkey FOREIGN KEY (bucket_id) REFERENCES storage.buckets(id);


--
-- Name: s3_multipart_uploads_parts s3_multipart_uploads_parts_upload_id_fkey; Type: FK CONSTRAINT; Schema: storage; Owner: supabase_storage_admin
--

ALTER TABLE ONLY storage.s3_multipart_uploads_parts
    ADD CONSTRAINT s3_multipart_uploads_parts_upload_id_fkey FOREIGN KEY (upload_id) REFERENCES storage.s3_multipart_uploads(id) ON DELETE CASCADE;


--
-- Name: audit_log_entries; Type: ROW SECURITY; Schema: auth; Owner: supabase_auth_admin
--

ALTER TABLE auth.audit_log_entries ENABLE ROW LEVEL SECURITY;

--
-- Name: flow_state; Type: ROW SECURITY; Schema: auth; Owner: supabase_auth_admin
--

ALTER TABLE auth.flow_state ENABLE ROW LEVEL SECURITY;

--
-- Name: identities; Type: ROW SECURITY; Schema: auth; Owner: supabase_auth_admin
--

ALTER TABLE auth.identities ENABLE ROW LEVEL SECURITY;

--
-- Name: instances; Type: ROW SECURITY; Schema: auth; Owner: supabase_auth_admin
--

ALTER TABLE auth.instances ENABLE ROW LEVEL SECURITY;

--
-- Name: mfa_amr_claims; Type: ROW SECURITY; Schema: auth; Owner: supabase_auth_admin
--

ALTER TABLE auth.mfa_amr_claims ENABLE ROW LEVEL SECURITY;

--
-- Name: mfa_challenges; Type: ROW SECURITY; Schema: auth; Owner: supabase_auth_admin
--

ALTER TABLE auth.mfa_challenges ENABLE ROW LEVEL SECURITY;

--
-- Name: mfa_factors; Type: ROW SECURITY; Schema: auth; Owner: supabase_auth_admin
--

ALTER TABLE auth.mfa_factors ENABLE ROW LEVEL SECURITY;

--
-- Name: one_time_tokens; Type: ROW SECURITY; Schema: auth; Owner: supabase_auth_admin
--

ALTER TABLE auth.one_time_tokens ENABLE ROW LEVEL SECURITY;

--
-- Name: refresh_tokens; Type: ROW SECURITY; Schema: auth; Owner: supabase_auth_admin
--

ALTER TABLE auth.refresh_tokens ENABLE ROW LEVEL SECURITY;

--
-- Name: saml_providers; Type: ROW SECURITY; Schema: auth; Owner: supabase_auth_admin
--

ALTER TABLE auth.saml_providers ENABLE ROW LEVEL SECURITY;

--
-- Name: saml_relay_states; Type: ROW SECURITY; Schema: auth; Owner: supabase_auth_admin
--

ALTER TABLE auth.saml_relay_states ENABLE ROW LEVEL SECURITY;

--
-- Name: schema_migrations; Type: ROW SECURITY; Schema: auth; Owner: supabase_auth_admin
--

ALTER TABLE auth.schema_migrations ENABLE ROW LEVEL SECURITY;

--
-- Name: sessions; Type: ROW SECURITY; Schema: auth; Owner: supabase_auth_admin
--

ALTER TABLE auth.sessions ENABLE ROW LEVEL SECURITY;

--
-- Name: sso_domains; Type: ROW SECURITY; Schema: auth; Owner: supabase_auth_admin
--

ALTER TABLE auth.sso_domains ENABLE ROW LEVEL SECURITY;

--
-- Name: sso_providers; Type: ROW SECURITY; Schema: auth; Owner: supabase_auth_admin
--

ALTER TABLE auth.sso_providers ENABLE ROW LEVEL SECURITY;

--
-- Name: users; Type: ROW SECURITY; Schema: auth; Owner: supabase_auth_admin
--

ALTER TABLE auth.users ENABLE ROW LEVEL SECURITY;

--
-- Name: media; Type: ROW SECURITY; Schema: public; Owner: postgres
--

ALTER TABLE public.media ENABLE ROW LEVEL SECURITY;

--
-- Name: messages; Type: ROW SECURITY; Schema: realtime; Owner: supabase_realtime_admin
--

ALTER TABLE realtime.messages ENABLE ROW LEVEL SECURITY;

--
-- Name: objects Enable read access for all users; Type: POLICY; Schema: storage; Owner: supabase_storage_admin
--

CREATE POLICY "Enable read access for all users" ON storage.objects FOR SELECT USING (true);


--
-- Name: objects Give anon users access to images and movies 11ttt3x_0; Type: POLICY; Schema: storage; Owner: supabase_storage_admin
--

CREATE POLICY "Give anon users access to images and movies 11ttt3x_0" ON storage.objects FOR SELECT USING (((bucket_id = 'kendev-folio'::text) AND (storage.extension(name) = ANY (ARRAY['jpg'::text, 'jpeg'::text, 'png'::text, 'gif'::text, 'bmp'::text, 'tiff'::text, 'svg'::text, 'webp'::text, 'mp4'::text])) AND (lower((storage.foldername(name))[1]) = 'public'::text) AND (auth.role() = 'anon'::text)));


--
-- Name: buckets; Type: ROW SECURITY; Schema: storage; Owner: supabase_storage_admin
--

ALTER TABLE storage.buckets ENABLE ROW LEVEL SECURITY;

--
-- Name: migrations; Type: ROW SECURITY; Schema: storage; Owner: supabase_storage_admin
--

ALTER TABLE storage.migrations ENABLE ROW LEVEL SECURITY;

--
-- Name: objects; Type: ROW SECURITY; Schema: storage; Owner: supabase_storage_admin
--

ALTER TABLE storage.objects ENABLE ROW LEVEL SECURITY;

--
-- Name: s3_multipart_uploads; Type: ROW SECURITY; Schema: storage; Owner: supabase_storage_admin
--

ALTER TABLE storage.s3_multipart_uploads ENABLE ROW LEVEL SECURITY;

--
-- Name: s3_multipart_uploads_parts; Type: ROW SECURITY; Schema: storage; Owner: supabase_storage_admin
--

ALTER TABLE storage.s3_multipart_uploads_parts ENABLE ROW LEVEL SECURITY;

--
-- Name: supabase_realtime; Type: PUBLICATION; Schema: -; Owner: postgres
--

CREATE PUBLICATION supabase_realtime WITH (publish = 'insert, update, delete, truncate');


ALTER PUBLICATION supabase_realtime OWNER TO postgres;

--
-- Name: SCHEMA auth; Type: ACL; Schema: -; Owner: supabase_admin
--

GRANT USAGE ON SCHEMA auth TO anon;
GRANT USAGE ON SCHEMA auth TO authenticated;
GRANT USAGE ON SCHEMA auth TO service_role;
GRANT ALL ON SCHEMA auth TO supabase_auth_admin;
GRANT ALL ON SCHEMA auth TO dashboard_user;
GRANT ALL ON SCHEMA auth TO postgres;


--
-- Name: SCHEMA extensions; Type: ACL; Schema: -; Owner: postgres
--

GRANT USAGE ON SCHEMA extensions TO anon;
GRANT USAGE ON SCHEMA extensions TO authenticated;
GRANT USAGE ON SCHEMA extensions TO service_role;
GRANT ALL ON SCHEMA extensions TO dashboard_user;


--
-- Name: SCHEMA public; Type: ACL; Schema: -; Owner: pg_database_owner
--

GRANT USAGE ON SCHEMA public TO postgres;
GRANT USAGE ON SCHEMA public TO anon;
GRANT USAGE ON SCHEMA public TO authenticated;
GRANT USAGE ON SCHEMA public TO service_role;


--
-- Name: SCHEMA realtime; Type: ACL; Schema: -; Owner: supabase_admin
--

GRANT USAGE ON SCHEMA realtime TO postgres;
GRANT USAGE ON SCHEMA realtime TO anon;
GRANT USAGE ON SCHEMA realtime TO authenticated;
GRANT USAGE ON SCHEMA realtime TO service_role;
GRANT ALL ON SCHEMA realtime TO supabase_realtime_admin;


--
-- Name: SCHEMA storage; Type: ACL; Schema: -; Owner: supabase_admin
--

GRANT ALL ON SCHEMA storage TO postgres;
GRANT USAGE ON SCHEMA storage TO anon;
GRANT USAGE ON SCHEMA storage TO authenticated;
GRANT USAGE ON SCHEMA storage TO service_role;
GRANT ALL ON SCHEMA storage TO supabase_storage_admin;
GRANT ALL ON SCHEMA storage TO dashboard_user;


--
-- Name: FUNCTION email(); Type: ACL; Schema: auth; Owner: supabase_auth_admin
--

GRANT ALL ON FUNCTION auth.email() TO dashboard_user;
GRANT ALL ON FUNCTION auth.email() TO postgres;


--
-- Name: FUNCTION jwt(); Type: ACL; Schema: auth; Owner: supabase_auth_admin
--

GRANT ALL ON FUNCTION auth.jwt() TO postgres;
GRANT ALL ON FUNCTION auth.jwt() TO dashboard_user;


--
-- Name: FUNCTION role(); Type: ACL; Schema: auth; Owner: supabase_auth_admin
--

GRANT ALL ON FUNCTION auth.role() TO dashboard_user;
GRANT ALL ON FUNCTION auth.role() TO postgres;


--
-- Name: FUNCTION uid(); Type: ACL; Schema: auth; Owner: supabase_auth_admin
--

GRANT ALL ON FUNCTION auth.uid() TO dashboard_user;
GRANT ALL ON FUNCTION auth.uid() TO postgres;


--
-- Name: FUNCTION algorithm_sign(signables text, secret text, algorithm text); Type: ACL; Schema: extensions; Owner: supabase_admin
--

GRANT ALL ON FUNCTION extensions.algorithm_sign(signables text, secret text, algorithm text) TO postgres WITH GRANT OPTION;
GRANT ALL ON FUNCTION extensions.algorithm_sign(signables text, secret text, algorithm text) TO dashboard_user;


--
-- Name: FUNCTION armor(bytea); Type: ACL; Schema: extensions; Owner: supabase_admin
--

GRANT ALL ON FUNCTION extensions.armor(bytea) TO postgres WITH GRANT OPTION;
GRANT ALL ON FUNCTION extensions.armor(bytea) TO dashboard_user;


--
-- Name: FUNCTION armor(bytea, text[], text[]); Type: ACL; Schema: extensions; Owner: supabase_admin
--

GRANT ALL ON FUNCTION extensions.armor(bytea, text[], text[]) TO postgres WITH GRANT OPTION;
GRANT ALL ON FUNCTION extensions.armor(bytea, text[], text[]) TO dashboard_user;


--
-- Name: FUNCTION crypt(text, text); Type: ACL; Schema: extensions; Owner: supabase_admin
--

GRANT ALL ON FUNCTION extensions.crypt(text, text) TO postgres WITH GRANT OPTION;
GRANT ALL ON FUNCTION extensions.crypt(text, text) TO dashboard_user;


--
-- Name: FUNCTION dearmor(text); Type: ACL; Schema: extensions; Owner: supabase_admin
--

GRANT ALL ON FUNCTION extensions.dearmor(text) TO postgres WITH GRANT OPTION;
GRANT ALL ON FUNCTION extensions.dearmor(text) TO dashboard_user;


--
-- Name: FUNCTION decrypt(bytea, bytea, text); Type: ACL; Schema: extensions; Owner: supabase_admin
--

GRANT ALL ON FUNCTION extensions.decrypt(bytea, bytea, text) TO postgres WITH GRANT OPTION;
GRANT ALL ON FUNCTION extensions.decrypt(bytea, bytea, text) TO dashboard_user;


--
-- Name: FUNCTION decrypt_iv(bytea, bytea, bytea, text); Type: ACL; Schema: extensions; Owner: supabase_admin
--

GRANT ALL ON FUNCTION extensions.decrypt_iv(bytea, bytea, bytea, text) TO postgres WITH GRANT OPTION;
GRANT ALL ON FUNCTION extensions.decrypt_iv(bytea, bytea, bytea, text) TO dashboard_user;


--
-- Name: FUNCTION digest(bytea, text); Type: ACL; Schema: extensions; Owner: supabase_admin
--

GRANT ALL ON FUNCTION extensions.digest(bytea, text) TO postgres WITH GRANT OPTION;
GRANT ALL ON FUNCTION extensions.digest(bytea, text) TO dashboard_user;


--
-- Name: FUNCTION digest(text, text); Type: ACL; Schema: extensions; Owner: supabase_admin
--

GRANT ALL ON FUNCTION extensions.digest(text, text) TO postgres WITH GRANT OPTION;
GRANT ALL ON FUNCTION extensions.digest(text, text) TO dashboard_user;


--
-- Name: FUNCTION encrypt(bytea, bytea, text); Type: ACL; Schema: extensions; Owner: supabase_admin
--

GRANT ALL ON FUNCTION extensions.encrypt(bytea, bytea, text) TO postgres WITH GRANT OPTION;
GRANT ALL ON FUNCTION extensions.encrypt(bytea, bytea, text) TO dashboard_user;


--
-- Name: FUNCTION encrypt_iv(bytea, bytea, bytea, text); Type: ACL; Schema: extensions; Owner: supabase_admin
--

GRANT ALL ON FUNCTION extensions.encrypt_iv(bytea, bytea, bytea, text) TO postgres WITH GRANT OPTION;
GRANT ALL ON FUNCTION extensions.encrypt_iv(bytea, bytea, bytea, text) TO dashboard_user;


--
-- Name: FUNCTION gen_random_bytes(integer); Type: ACL; Schema: extensions; Owner: supabase_admin
--

GRANT ALL ON FUNCTION extensions.gen_random_bytes(integer) TO postgres WITH GRANT OPTION;
GRANT ALL ON FUNCTION extensions.gen_random_bytes(integer) TO dashboard_user;


--
-- Name: FUNCTION gen_random_uuid(); Type: ACL; Schema: extensions; Owner: supabase_admin
--

GRANT ALL ON FUNCTION extensions.gen_random_uuid() TO postgres WITH GRANT OPTION;
GRANT ALL ON FUNCTION extensions.gen_random_uuid() TO dashboard_user;


--
-- Name: FUNCTION gen_salt(text); Type: ACL; Schema: extensions; Owner: supabase_admin
--

GRANT ALL ON FUNCTION extensions.gen_salt(text) TO postgres WITH GRANT OPTION;
GRANT ALL ON FUNCTION extensions.gen_salt(text) TO dashboard_user;


--
-- Name: FUNCTION gen_salt(text, integer); Type: ACL; Schema: extensions; Owner: supabase_admin
--

GRANT ALL ON FUNCTION extensions.gen_salt(text, integer) TO postgres WITH GRANT OPTION;
GRANT ALL ON FUNCTION extensions.gen_salt(text, integer) TO dashboard_user;


--
-- Name: FUNCTION grant_pg_cron_access(); Type: ACL; Schema: extensions; Owner: postgres
--

REVOKE ALL ON FUNCTION extensions.grant_pg_cron_access() FROM postgres;
GRANT ALL ON FUNCTION extensions.grant_pg_cron_access() TO postgres WITH GRANT OPTION;
GRANT ALL ON FUNCTION extensions.grant_pg_cron_access() TO dashboard_user;


--
-- Name: FUNCTION grant_pg_graphql_access(); Type: ACL; Schema: extensions; Owner: supabase_admin
--

GRANT ALL ON FUNCTION extensions.grant_pg_graphql_access() TO postgres WITH GRANT OPTION;


--
-- Name: FUNCTION grant_pg_net_access(); Type: ACL; Schema: extensions; Owner: postgres
--

REVOKE ALL ON FUNCTION extensions.grant_pg_net_access() FROM postgres;
GRANT ALL ON FUNCTION extensions.grant_pg_net_access() TO postgres WITH GRANT OPTION;
GRANT ALL ON FUNCTION extensions.grant_pg_net_access() TO dashboard_user;


--
-- Name: FUNCTION hmac(bytea, bytea, text); Type: ACL; Schema: extensions; Owner: supabase_admin
--

GRANT ALL ON FUNCTION extensions.hmac(bytea, bytea, text) TO postgres WITH GRANT OPTION;
GRANT ALL ON FUNCTION extensions.hmac(bytea, bytea, text) TO dashboard_user;


--
-- Name: FUNCTION hmac(text, text, text); Type: ACL; Schema: extensions; Owner: supabase_admin
--

GRANT ALL ON FUNCTION extensions.hmac(text, text, text) TO postgres WITH GRANT OPTION;
GRANT ALL ON FUNCTION extensions.hmac(text, text, text) TO dashboard_user;


--
-- Name: FUNCTION pg_stat_statements(showtext boolean, OUT userid oid, OUT dbid oid, OUT toplevel boolean, OUT queryid bigint, OUT query text, OUT plans bigint, OUT total_plan_time double precision, OUT min_plan_time double precision, OUT max_plan_time double precision, OUT mean_plan_time double precision, OUT stddev_plan_time double precision, OUT calls bigint, OUT total_exec_time double precision, OUT min_exec_time double precision, OUT max_exec_time double precision, OUT mean_exec_time double precision, OUT stddev_exec_time double precision, OUT rows bigint, OUT shared_blks_hit bigint, OUT shared_blks_read bigint, OUT shared_blks_dirtied bigint, OUT shared_blks_written bigint, OUT local_blks_hit bigint, OUT local_blks_read bigint, OUT local_blks_dirtied bigint, OUT local_blks_written bigint, OUT temp_blks_read bigint, OUT temp_blks_written bigint, OUT blk_read_time double precision, OUT blk_write_time double precision, OUT temp_blk_read_time double precision, OUT temp_blk_write_time double precision, OUT wal_records bigint, OUT wal_fpi bigint, OUT wal_bytes numeric, OUT jit_functions bigint, OUT jit_generation_time double precision, OUT jit_inlining_count bigint, OUT jit_inlining_time double precision, OUT jit_optimization_count bigint, OUT jit_optimization_time double precision, OUT jit_emission_count bigint, OUT jit_emission_time double precision); Type: ACL; Schema: extensions; Owner: supabase_admin
--

GRANT ALL ON FUNCTION extensions.pg_stat_statements(showtext boolean, OUT userid oid, OUT dbid oid, OUT toplevel boolean, OUT queryid bigint, OUT query text, OUT plans bigint, OUT total_plan_time double precision, OUT min_plan_time double precision, OUT max_plan_time double precision, OUT mean_plan_time double precision, OUT stddev_plan_time double precision, OUT calls bigint, OUT total_exec_time double precision, OUT min_exec_time double precision, OUT max_exec_time double precision, OUT mean_exec_time double precision, OUT stddev_exec_time double precision, OUT rows bigint, OUT shared_blks_hit bigint, OUT shared_blks_read bigint, OUT shared_blks_dirtied bigint, OUT shared_blks_written bigint, OUT local_blks_hit bigint, OUT local_blks_read bigint, OUT local_blks_dirtied bigint, OUT local_blks_written bigint, OUT temp_blks_read bigint, OUT temp_blks_written bigint, OUT blk_read_time double precision, OUT blk_write_time double precision, OUT temp_blk_read_time double precision, OUT temp_blk_write_time double precision, OUT wal_records bigint, OUT wal_fpi bigint, OUT wal_bytes numeric, OUT jit_functions bigint, OUT jit_generation_time double precision, OUT jit_inlining_count bigint, OUT jit_inlining_time double precision, OUT jit_optimization_count bigint, OUT jit_optimization_time double precision, OUT jit_emission_count bigint, OUT jit_emission_time double precision) TO postgres WITH GRANT OPTION;
GRANT ALL ON FUNCTION extensions.pg_stat_statements(showtext boolean, OUT userid oid, OUT dbid oid, OUT toplevel boolean, OUT queryid bigint, OUT query text, OUT plans bigint, OUT total_plan_time double precision, OUT min_plan_time double precision, OUT max_plan_time double precision, OUT mean_plan_time double precision, OUT stddev_plan_time double precision, OUT calls bigint, OUT total_exec_time double precision, OUT min_exec_time double precision, OUT max_exec_time double precision, OUT mean_exec_time double precision, OUT stddev_exec_time double precision, OUT rows bigint, OUT shared_blks_hit bigint, OUT shared_blks_read bigint, OUT shared_blks_dirtied bigint, OUT shared_blks_written bigint, OUT local_blks_hit bigint, OUT local_blks_read bigint, OUT local_blks_dirtied bigint, OUT local_blks_written bigint, OUT temp_blks_read bigint, OUT temp_blks_written bigint, OUT blk_read_time double precision, OUT blk_write_time double precision, OUT temp_blk_read_time double precision, OUT temp_blk_write_time double precision, OUT wal_records bigint, OUT wal_fpi bigint, OUT wal_bytes numeric, OUT jit_functions bigint, OUT jit_generation_time double precision, OUT jit_inlining_count bigint, OUT jit_inlining_time double precision, OUT jit_optimization_count bigint, OUT jit_optimization_time double precision, OUT jit_emission_count bigint, OUT jit_emission_time double precision) TO dashboard_user;


--
-- Name: FUNCTION pg_stat_statements_info(OUT dealloc bigint, OUT stats_reset timestamp with time zone); Type: ACL; Schema: extensions; Owner: supabase_admin
--

GRANT ALL ON FUNCTION extensions.pg_stat_statements_info(OUT dealloc bigint, OUT stats_reset timestamp with time zone) TO postgres WITH GRANT OPTION;
GRANT ALL ON FUNCTION extensions.pg_stat_statements_info(OUT dealloc bigint, OUT stats_reset timestamp with time zone) TO dashboard_user;


--
-- Name: FUNCTION pg_stat_statements_reset(userid oid, dbid oid, queryid bigint); Type: ACL; Schema: extensions; Owner: supabase_admin
--

GRANT ALL ON FUNCTION extensions.pg_stat_statements_reset(userid oid, dbid oid, queryid bigint) TO postgres WITH GRANT OPTION;
GRANT ALL ON FUNCTION extensions.pg_stat_statements_reset(userid oid, dbid oid, queryid bigint) TO dashboard_user;


--
-- Name: FUNCTION pgp_armor_headers(text, OUT key text, OUT value text); Type: ACL; Schema: extensions; Owner: supabase_admin
--

GRANT ALL ON FUNCTION extensions.pgp_armor_headers(text, OUT key text, OUT value text) TO postgres WITH GRANT OPTION;
GRANT ALL ON FUNCTION extensions.pgp_armor_headers(text, OUT key text, OUT value text) TO dashboard_user;


--
-- Name: FUNCTION pgp_key_id(bytea); Type: ACL; Schema: extensions; Owner: supabase_admin
--

GRANT ALL ON FUNCTION extensions.pgp_key_id(bytea) TO postgres WITH GRANT OPTION;
GRANT ALL ON FUNCTION extensions.pgp_key_id(bytea) TO dashboard_user;


--
-- Name: FUNCTION pgp_pub_decrypt(bytea, bytea); Type: ACL; Schema: extensions; Owner: supabase_admin
--

GRANT ALL ON FUNCTION extensions.pgp_pub_decrypt(bytea, bytea) TO postgres WITH GRANT OPTION;
GRANT ALL ON FUNCTION extensions.pgp_pub_decrypt(bytea, bytea) TO dashboard_user;


--
-- Name: FUNCTION pgp_pub_decrypt(bytea, bytea, text); Type: ACL; Schema: extensions; Owner: supabase_admin
--

GRANT ALL ON FUNCTION extensions.pgp_pub_decrypt(bytea, bytea, text) TO postgres WITH GRANT OPTION;
GRANT ALL ON FUNCTION extensions.pgp_pub_decrypt(bytea, bytea, text) TO dashboard_user;


--
-- Name: FUNCTION pgp_pub_decrypt(bytea, bytea, text, text); Type: ACL; Schema: extensions; Owner: supabase_admin
--

GRANT ALL ON FUNCTION extensions.pgp_pub_decrypt(bytea, bytea, text, text) TO postgres WITH GRANT OPTION;
GRANT ALL ON FUNCTION extensions.pgp_pub_decrypt(bytea, bytea, text, text) TO dashboard_user;


--
-- Name: FUNCTION pgp_pub_decrypt_bytea(bytea, bytea); Type: ACL; Schema: extensions; Owner: supabase_admin
--

GRANT ALL ON FUNCTION extensions.pgp_pub_decrypt_bytea(bytea, bytea) TO postgres WITH GRANT OPTION;
GRANT ALL ON FUNCTION extensions.pgp_pub_decrypt_bytea(bytea, bytea) TO dashboard_user;


--
-- Name: FUNCTION pgp_pub_decrypt_bytea(bytea, bytea, text); Type: ACL; Schema: extensions; Owner: supabase_admin
--

GRANT ALL ON FUNCTION extensions.pgp_pub_decrypt_bytea(bytea, bytea, text) TO postgres WITH GRANT OPTION;
GRANT ALL ON FUNCTION extensions.pgp_pub_decrypt_bytea(bytea, bytea, text) TO dashboard_user;


--
-- Name: FUNCTION pgp_pub_decrypt_bytea(bytea, bytea, text, text); Type: ACL; Schema: extensions; Owner: supabase_admin
--

GRANT ALL ON FUNCTION extensions.pgp_pub_decrypt_bytea(bytea, bytea, text, text) TO postgres WITH GRANT OPTION;
GRANT ALL ON FUNCTION extensions.pgp_pub_decrypt_bytea(bytea, bytea, text, text) TO dashboard_user;


--
-- Name: FUNCTION pgp_pub_encrypt(text, bytea); Type: ACL; Schema: extensions; Owner: supabase_admin
--

GRANT ALL ON FUNCTION extensions.pgp_pub_encrypt(text, bytea) TO postgres WITH GRANT OPTION;
GRANT ALL ON FUNCTION extensions.pgp_pub_encrypt(text, bytea) TO dashboard_user;


--
-- Name: FUNCTION pgp_pub_encrypt(text, bytea, text); Type: ACL; Schema: extensions; Owner: supabase_admin
--

GRANT ALL ON FUNCTION extensions.pgp_pub_encrypt(text, bytea, text) TO postgres WITH GRANT OPTION;
GRANT ALL ON FUNCTION extensions.pgp_pub_encrypt(text, bytea, text) TO dashboard_user;


--
-- Name: FUNCTION pgp_pub_encrypt_bytea(bytea, bytea); Type: ACL; Schema: extensions; Owner: supabase_admin
--

GRANT ALL ON FUNCTION extensions.pgp_pub_encrypt_bytea(bytea, bytea) TO postgres WITH GRANT OPTION;
GRANT ALL ON FUNCTION extensions.pgp_pub_encrypt_bytea(bytea, bytea) TO dashboard_user;


--
-- Name: FUNCTION pgp_pub_encrypt_bytea(bytea, bytea, text); Type: ACL; Schema: extensions; Owner: supabase_admin
--

GRANT ALL ON FUNCTION extensions.pgp_pub_encrypt_bytea(bytea, bytea, text) TO postgres WITH GRANT OPTION;
GRANT ALL ON FUNCTION extensions.pgp_pub_encrypt_bytea(bytea, bytea, text) TO dashboard_user;


--
-- Name: FUNCTION pgp_sym_decrypt(bytea, text); Type: ACL; Schema: extensions; Owner: supabase_admin
--

GRANT ALL ON FUNCTION extensions.pgp_sym_decrypt(bytea, text) TO postgres WITH GRANT OPTION;
GRANT ALL ON FUNCTION extensions.pgp_sym_decrypt(bytea, text) TO dashboard_user;


--
-- Name: FUNCTION pgp_sym_decrypt(bytea, text, text); Type: ACL; Schema: extensions; Owner: supabase_admin
--

GRANT ALL ON FUNCTION extensions.pgp_sym_decrypt(bytea, text, text) TO postgres WITH GRANT OPTION;
GRANT ALL ON FUNCTION extensions.pgp_sym_decrypt(bytea, text, text) TO dashboard_user;


--
-- Name: FUNCTION pgp_sym_decrypt_bytea(bytea, text); Type: ACL; Schema: extensions; Owner: supabase_admin
--

GRANT ALL ON FUNCTION extensions.pgp_sym_decrypt_bytea(bytea, text) TO postgres WITH GRANT OPTION;
GRANT ALL ON FUNCTION extensions.pgp_sym_decrypt_bytea(bytea, text) TO dashboard_user;


--
-- Name: FUNCTION pgp_sym_decrypt_bytea(bytea, text, text); Type: ACL; Schema: extensions; Owner: supabase_admin
--

GRANT ALL ON FUNCTION extensions.pgp_sym_decrypt_bytea(bytea, text, text) TO postgres WITH GRANT OPTION;
GRANT ALL ON FUNCTION extensions.pgp_sym_decrypt_bytea(bytea, text, text) TO dashboard_user;


--
-- Name: FUNCTION pgp_sym_encrypt(text, text); Type: ACL; Schema: extensions; Owner: supabase_admin
--

GRANT ALL ON FUNCTION extensions.pgp_sym_encrypt(text, text) TO postgres WITH GRANT OPTION;
GRANT ALL ON FUNCTION extensions.pgp_sym_encrypt(text, text) TO dashboard_user;


--
-- Name: FUNCTION pgp_sym_encrypt(text, text, text); Type: ACL; Schema: extensions; Owner: supabase_admin
--

GRANT ALL ON FUNCTION extensions.pgp_sym_encrypt(text, text, text) TO postgres WITH GRANT OPTION;
GRANT ALL ON FUNCTION extensions.pgp_sym_encrypt(text, text, text) TO dashboard_user;


--
-- Name: FUNCTION pgp_sym_encrypt_bytea(bytea, text); Type: ACL; Schema: extensions; Owner: supabase_admin
--

GRANT ALL ON FUNCTION extensions.pgp_sym_encrypt_bytea(bytea, text) TO postgres WITH GRANT OPTION;
GRANT ALL ON FUNCTION extensions.pgp_sym_encrypt_bytea(bytea, text) TO dashboard_user;


--
-- Name: FUNCTION pgp_sym_encrypt_bytea(bytea, text, text); Type: ACL; Schema: extensions; Owner: supabase_admin
--

GRANT ALL ON FUNCTION extensions.pgp_sym_encrypt_bytea(bytea, text, text) TO postgres WITH GRANT OPTION;
GRANT ALL ON FUNCTION extensions.pgp_sym_encrypt_bytea(bytea, text, text) TO dashboard_user;


--
-- Name: FUNCTION pgrst_ddl_watch(); Type: ACL; Schema: extensions; Owner: supabase_admin
--

GRANT ALL ON FUNCTION extensions.pgrst_ddl_watch() TO postgres WITH GRANT OPTION;


--
-- Name: FUNCTION pgrst_drop_watch(); Type: ACL; Schema: extensions; Owner: supabase_admin
--

GRANT ALL ON FUNCTION extensions.pgrst_drop_watch() TO postgres WITH GRANT OPTION;


--
-- Name: FUNCTION set_graphql_placeholder(); Type: ACL; Schema: extensions; Owner: supabase_admin
--

GRANT ALL ON FUNCTION extensions.set_graphql_placeholder() TO postgres WITH GRANT OPTION;


--
-- Name: FUNCTION sign(payload json, secret text, algorithm text); Type: ACL; Schema: extensions; Owner: supabase_admin
--

GRANT ALL ON FUNCTION extensions.sign(payload json, secret text, algorithm text) TO postgres WITH GRANT OPTION;
GRANT ALL ON FUNCTION extensions.sign(payload json, secret text, algorithm text) TO dashboard_user;


--
-- Name: FUNCTION try_cast_double(inp text); Type: ACL; Schema: extensions; Owner: supabase_admin
--

GRANT ALL ON FUNCTION extensions.try_cast_double(inp text) TO postgres WITH GRANT OPTION;
GRANT ALL ON FUNCTION extensions.try_cast_double(inp text) TO dashboard_user;


--
-- Name: FUNCTION url_decode(data text); Type: ACL; Schema: extensions; Owner: supabase_admin
--

GRANT ALL ON FUNCTION extensions.url_decode(data text) TO postgres WITH GRANT OPTION;
GRANT ALL ON FUNCTION extensions.url_decode(data text) TO dashboard_user;


--
-- Name: FUNCTION url_encode(data bytea); Type: ACL; Schema: extensions; Owner: supabase_admin
--

GRANT ALL ON FUNCTION extensions.url_encode(data bytea) TO postgres WITH GRANT OPTION;
GRANT ALL ON FUNCTION extensions.url_encode(data bytea) TO dashboard_user;


--
-- Name: FUNCTION uuid_generate_v1(); Type: ACL; Schema: extensions; Owner: supabase_admin
--

GRANT ALL ON FUNCTION extensions.uuid_generate_v1() TO postgres WITH GRANT OPTION;
GRANT ALL ON FUNCTION extensions.uuid_generate_v1() TO dashboard_user;


--
-- Name: FUNCTION uuid_generate_v1mc(); Type: ACL; Schema: extensions; Owner: supabase_admin
--

GRANT ALL ON FUNCTION extensions.uuid_generate_v1mc() TO postgres WITH GRANT OPTION;
GRANT ALL ON FUNCTION extensions.uuid_generate_v1mc() TO dashboard_user;


--
-- Name: FUNCTION uuid_generate_v3(namespace uuid, name text); Type: ACL; Schema: extensions; Owner: supabase_admin
--

GRANT ALL ON FUNCTION extensions.uuid_generate_v3(namespace uuid, name text) TO postgres WITH GRANT OPTION;
GRANT ALL ON FUNCTION extensions.uuid_generate_v3(namespace uuid, name text) TO dashboard_user;


--
-- Name: FUNCTION uuid_generate_v4(); Type: ACL; Schema: extensions; Owner: supabase_admin
--

GRANT ALL ON FUNCTION extensions.uuid_generate_v4() TO postgres WITH GRANT OPTION;
GRANT ALL ON FUNCTION extensions.uuid_generate_v4() TO dashboard_user;


--
-- Name: FUNCTION uuid_generate_v5(namespace uuid, name text); Type: ACL; Schema: extensions; Owner: supabase_admin
--

GRANT ALL ON FUNCTION extensions.uuid_generate_v5(namespace uuid, name text) TO postgres WITH GRANT OPTION;
GRANT ALL ON FUNCTION extensions.uuid_generate_v5(namespace uuid, name text) TO dashboard_user;


--
-- Name: FUNCTION uuid_nil(); Type: ACL; Schema: extensions; Owner: supabase_admin
--

GRANT ALL ON FUNCTION extensions.uuid_nil() TO postgres WITH GRANT OPTION;
GRANT ALL ON FUNCTION extensions.uuid_nil() TO dashboard_user;


--
-- Name: FUNCTION uuid_ns_dns(); Type: ACL; Schema: extensions; Owner: supabase_admin
--

GRANT ALL ON FUNCTION extensions.uuid_ns_dns() TO postgres WITH GRANT OPTION;
GRANT ALL ON FUNCTION extensions.uuid_ns_dns() TO dashboard_user;


--
-- Name: FUNCTION uuid_ns_oid(); Type: ACL; Schema: extensions; Owner: supabase_admin
--

GRANT ALL ON FUNCTION extensions.uuid_ns_oid() TO postgres WITH GRANT OPTION;
GRANT ALL ON FUNCTION extensions.uuid_ns_oid() TO dashboard_user;


--
-- Name: FUNCTION uuid_ns_url(); Type: ACL; Schema: extensions; Owner: supabase_admin
--

GRANT ALL ON FUNCTION extensions.uuid_ns_url() TO postgres WITH GRANT OPTION;
GRANT ALL ON FUNCTION extensions.uuid_ns_url() TO dashboard_user;


--
-- Name: FUNCTION uuid_ns_x500(); Type: ACL; Schema: extensions; Owner: supabase_admin
--

GRANT ALL ON FUNCTION extensions.uuid_ns_x500() TO postgres WITH GRANT OPTION;
GRANT ALL ON FUNCTION extensions.uuid_ns_x500() TO dashboard_user;


--
-- Name: FUNCTION verify(token text, secret text, algorithm text); Type: ACL; Schema: extensions; Owner: supabase_admin
--

GRANT ALL ON FUNCTION extensions.verify(token text, secret text, algorithm text) TO postgres WITH GRANT OPTION;
GRANT ALL ON FUNCTION extensions.verify(token text, secret text, algorithm text) TO dashboard_user;


--
-- Name: FUNCTION graphql("operationName" text, query text, variables jsonb, extensions jsonb); Type: ACL; Schema: graphql_public; Owner: supabase_admin
--

GRANT ALL ON FUNCTION graphql_public.graphql("operationName" text, query text, variables jsonb, extensions jsonb) TO postgres;
GRANT ALL ON FUNCTION graphql_public.graphql("operationName" text, query text, variables jsonb, extensions jsonb) TO anon;
GRANT ALL ON FUNCTION graphql_public.graphql("operationName" text, query text, variables jsonb, extensions jsonb) TO authenticated;
GRANT ALL ON FUNCTION graphql_public.graphql("operationName" text, query text, variables jsonb, extensions jsonb) TO service_role;


--
-- Name: FUNCTION lo_export(oid, text); Type: ACL; Schema: pg_catalog; Owner: supabase_admin
--

REVOKE ALL ON FUNCTION pg_catalog.lo_export(oid, text) FROM postgres;
GRANT ALL ON FUNCTION pg_catalog.lo_export(oid, text) TO supabase_admin;


--
-- Name: FUNCTION lo_import(text); Type: ACL; Schema: pg_catalog; Owner: supabase_admin
--

REVOKE ALL ON FUNCTION pg_catalog.lo_import(text) FROM postgres;
GRANT ALL ON FUNCTION pg_catalog.lo_import(text) TO supabase_admin;


--
-- Name: FUNCTION lo_import(text, oid); Type: ACL; Schema: pg_catalog; Owner: supabase_admin
--

REVOKE ALL ON FUNCTION pg_catalog.lo_import(text, oid) FROM postgres;
GRANT ALL ON FUNCTION pg_catalog.lo_import(text, oid) TO supabase_admin;


--
-- Name: FUNCTION get_auth(p_usename text); Type: ACL; Schema: pgbouncer; Owner: postgres
--

REVOKE ALL ON FUNCTION pgbouncer.get_auth(p_usename text) FROM PUBLIC;
GRANT ALL ON FUNCTION pgbouncer.get_auth(p_usename text) TO pgbouncer;


--
-- Name: FUNCTION crypto_aead_det_decrypt(message bytea, additional bytea, key_uuid uuid, nonce bytea); Type: ACL; Schema: pgsodium; Owner: pgsodium_keymaker
--

GRANT ALL ON FUNCTION pgsodium.crypto_aead_det_decrypt(message bytea, additional bytea, key_uuid uuid, nonce bytea) TO service_role;


--
-- Name: FUNCTION crypto_aead_det_encrypt(message bytea, additional bytea, key_uuid uuid, nonce bytea); Type: ACL; Schema: pgsodium; Owner: pgsodium_keymaker
--

GRANT ALL ON FUNCTION pgsodium.crypto_aead_det_encrypt(message bytea, additional bytea, key_uuid uuid, nonce bytea) TO service_role;


--
-- Name: FUNCTION crypto_aead_det_keygen(); Type: ACL; Schema: pgsodium; Owner: supabase_admin
--

GRANT ALL ON FUNCTION pgsodium.crypto_aead_det_keygen() TO service_role;


--
-- Name: FUNCTION apply_rls(wal jsonb, max_record_bytes integer); Type: ACL; Schema: realtime; Owner: supabase_admin
--

GRANT ALL ON FUNCTION realtime.apply_rls(wal jsonb, max_record_bytes integer) TO postgres;
GRANT ALL ON FUNCTION realtime.apply_rls(wal jsonb, max_record_bytes integer) TO dashboard_user;
GRANT ALL ON FUNCTION realtime.apply_rls(wal jsonb, max_record_bytes integer) TO anon;
GRANT ALL ON FUNCTION realtime.apply_rls(wal jsonb, max_record_bytes integer) TO authenticated;
GRANT ALL ON FUNCTION realtime.apply_rls(wal jsonb, max_record_bytes integer) TO service_role;
GRANT ALL ON FUNCTION realtime.apply_rls(wal jsonb, max_record_bytes integer) TO supabase_realtime_admin;


--
-- Name: FUNCTION build_prepared_statement_sql(prepared_statement_name text, entity regclass, columns realtime.wal_column[]); Type: ACL; Schema: realtime; Owner: supabase_admin
--

GRANT ALL ON FUNCTION realtime.build_prepared_statement_sql(prepared_statement_name text, entity regclass, columns realtime.wal_column[]) TO postgres;
GRANT ALL ON FUNCTION realtime.build_prepared_statement_sql(prepared_statement_name text, entity regclass, columns realtime.wal_column[]) TO dashboard_user;
GRANT ALL ON FUNCTION realtime.build_prepared_statement_sql(prepared_statement_name text, entity regclass, columns realtime.wal_column[]) TO anon;
GRANT ALL ON FUNCTION realtime.build_prepared_statement_sql(prepared_statement_name text, entity regclass, columns realtime.wal_column[]) TO authenticated;
GRANT ALL ON FUNCTION realtime.build_prepared_statement_sql(prepared_statement_name text, entity regclass, columns realtime.wal_column[]) TO service_role;
GRANT ALL ON FUNCTION realtime.build_prepared_statement_sql(prepared_statement_name text, entity regclass, columns realtime.wal_column[]) TO supabase_realtime_admin;


--
-- Name: FUNCTION "cast"(val text, type_ regtype); Type: ACL; Schema: realtime; Owner: supabase_admin
--

GRANT ALL ON FUNCTION realtime."cast"(val text, type_ regtype) TO postgres;
GRANT ALL ON FUNCTION realtime."cast"(val text, type_ regtype) TO dashboard_user;
GRANT ALL ON FUNCTION realtime."cast"(val text, type_ regtype) TO anon;
GRANT ALL ON FUNCTION realtime."cast"(val text, type_ regtype) TO authenticated;
GRANT ALL ON FUNCTION realtime."cast"(val text, type_ regtype) TO service_role;
GRANT ALL ON FUNCTION realtime."cast"(val text, type_ regtype) TO supabase_realtime_admin;


--
-- Name: FUNCTION check_equality_op(op realtime.equality_op, type_ regtype, val_1 text, val_2 text); Type: ACL; Schema: realtime; Owner: supabase_admin
--

GRANT ALL ON FUNCTION realtime.check_equality_op(op realtime.equality_op, type_ regtype, val_1 text, val_2 text) TO postgres;
GRANT ALL ON FUNCTION realtime.check_equality_op(op realtime.equality_op, type_ regtype, val_1 text, val_2 text) TO dashboard_user;
GRANT ALL ON FUNCTION realtime.check_equality_op(op realtime.equality_op, type_ regtype, val_1 text, val_2 text) TO anon;
GRANT ALL ON FUNCTION realtime.check_equality_op(op realtime.equality_op, type_ regtype, val_1 text, val_2 text) TO authenticated;
GRANT ALL ON FUNCTION realtime.check_equality_op(op realtime.equality_op, type_ regtype, val_1 text, val_2 text) TO service_role;
GRANT ALL ON FUNCTION realtime.check_equality_op(op realtime.equality_op, type_ regtype, val_1 text, val_2 text) TO supabase_realtime_admin;


--
-- Name: FUNCTION is_visible_through_filters(columns realtime.wal_column[], filters realtime.user_defined_filter[]); Type: ACL; Schema: realtime; Owner: supabase_admin
--

GRANT ALL ON FUNCTION realtime.is_visible_through_filters(columns realtime.wal_column[], filters realtime.user_defined_filter[]) TO postgres;
GRANT ALL ON FUNCTION realtime.is_visible_through_filters(columns realtime.wal_column[], filters realtime.user_defined_filter[]) TO dashboard_user;
GRANT ALL ON FUNCTION realtime.is_visible_through_filters(columns realtime.wal_column[], filters realtime.user_defined_filter[]) TO anon;
GRANT ALL ON FUNCTION realtime.is_visible_through_filters(columns realtime.wal_column[], filters realtime.user_defined_filter[]) TO authenticated;
GRANT ALL ON FUNCTION realtime.is_visible_through_filters(columns realtime.wal_column[], filters realtime.user_defined_filter[]) TO service_role;
GRANT ALL ON FUNCTION realtime.is_visible_through_filters(columns realtime.wal_column[], filters realtime.user_defined_filter[]) TO supabase_realtime_admin;


--
-- Name: FUNCTION list_changes(publication name, slot_name name, max_changes integer, max_record_bytes integer); Type: ACL; Schema: realtime; Owner: supabase_admin
--

GRANT ALL ON FUNCTION realtime.list_changes(publication name, slot_name name, max_changes integer, max_record_bytes integer) TO postgres;
GRANT ALL ON FUNCTION realtime.list_changes(publication name, slot_name name, max_changes integer, max_record_bytes integer) TO dashboard_user;
GRANT ALL ON FUNCTION realtime.list_changes(publication name, slot_name name, max_changes integer, max_record_bytes integer) TO anon;
GRANT ALL ON FUNCTION realtime.list_changes(publication name, slot_name name, max_changes integer, max_record_bytes integer) TO authenticated;
GRANT ALL ON FUNCTION realtime.list_changes(publication name, slot_name name, max_changes integer, max_record_bytes integer) TO service_role;
GRANT ALL ON FUNCTION realtime.list_changes(publication name, slot_name name, max_changes integer, max_record_bytes integer) TO supabase_realtime_admin;


--
-- Name: FUNCTION quote_wal2json(entity regclass); Type: ACL; Schema: realtime; Owner: supabase_admin
--

GRANT ALL ON FUNCTION realtime.quote_wal2json(entity regclass) TO postgres;
GRANT ALL ON FUNCTION realtime.quote_wal2json(entity regclass) TO dashboard_user;
GRANT ALL ON FUNCTION realtime.quote_wal2json(entity regclass) TO anon;
GRANT ALL ON FUNCTION realtime.quote_wal2json(entity regclass) TO authenticated;
GRANT ALL ON FUNCTION realtime.quote_wal2json(entity regclass) TO service_role;
GRANT ALL ON FUNCTION realtime.quote_wal2json(entity regclass) TO supabase_realtime_admin;


--
-- Name: FUNCTION subscription_check_filters(); Type: ACL; Schema: realtime; Owner: supabase_admin
--

GRANT ALL ON FUNCTION realtime.subscription_check_filters() TO postgres;
GRANT ALL ON FUNCTION realtime.subscription_check_filters() TO dashboard_user;
GRANT ALL ON FUNCTION realtime.subscription_check_filters() TO anon;
GRANT ALL ON FUNCTION realtime.subscription_check_filters() TO authenticated;
GRANT ALL ON FUNCTION realtime.subscription_check_filters() TO service_role;
GRANT ALL ON FUNCTION realtime.subscription_check_filters() TO supabase_realtime_admin;


--
-- Name: FUNCTION to_regrole(role_name text); Type: ACL; Schema: realtime; Owner: supabase_admin
--

GRANT ALL ON FUNCTION realtime.to_regrole(role_name text) TO postgres;
GRANT ALL ON FUNCTION realtime.to_regrole(role_name text) TO dashboard_user;
GRANT ALL ON FUNCTION realtime.to_regrole(role_name text) TO anon;
GRANT ALL ON FUNCTION realtime.to_regrole(role_name text) TO authenticated;
GRANT ALL ON FUNCTION realtime.to_regrole(role_name text) TO service_role;
GRANT ALL ON FUNCTION realtime.to_regrole(role_name text) TO supabase_realtime_admin;


--
-- Name: FUNCTION topic(); Type: ACL; Schema: realtime; Owner: supabase_realtime_admin
--

GRANT ALL ON FUNCTION realtime.topic() TO postgres;
GRANT ALL ON FUNCTION realtime.topic() TO dashboard_user;


--
-- Name: FUNCTION can_insert_object(bucketid text, name text, owner uuid, metadata jsonb); Type: ACL; Schema: storage; Owner: supabase_storage_admin
--

GRANT ALL ON FUNCTION storage.can_insert_object(bucketid text, name text, owner uuid, metadata jsonb) TO postgres;


--
-- Name: FUNCTION extension(name text); Type: ACL; Schema: storage; Owner: supabase_storage_admin
--

GRANT ALL ON FUNCTION storage.extension(name text) TO postgres;


--
-- Name: FUNCTION filename(name text); Type: ACL; Schema: storage; Owner: supabase_storage_admin
--

GRANT ALL ON FUNCTION storage.filename(name text) TO postgres;


--
-- Name: FUNCTION foldername(name text); Type: ACL; Schema: storage; Owner: supabase_storage_admin
--

GRANT ALL ON FUNCTION storage.foldername(name text) TO postgres;


--
-- Name: FUNCTION get_size_by_bucket(); Type: ACL; Schema: storage; Owner: supabase_storage_admin
--

GRANT ALL ON FUNCTION storage.get_size_by_bucket() TO postgres;


--
-- Name: FUNCTION list_multipart_uploads_with_delimiter(bucket_id text, prefix_param text, delimiter_param text, max_keys integer, next_key_token text, next_upload_token text); Type: ACL; Schema: storage; Owner: supabase_storage_admin
--

GRANT ALL ON FUNCTION storage.list_multipart_uploads_with_delimiter(bucket_id text, prefix_param text, delimiter_param text, max_keys integer, next_key_token text, next_upload_token text) TO postgres;


--
-- Name: FUNCTION list_objects_with_delimiter(bucket_id text, prefix_param text, delimiter_param text, max_keys integer, start_after text, next_token text); Type: ACL; Schema: storage; Owner: supabase_storage_admin
--

GRANT ALL ON FUNCTION storage.list_objects_with_delimiter(bucket_id text, prefix_param text, delimiter_param text, max_keys integer, start_after text, next_token text) TO postgres;


--
-- Name: FUNCTION operation(); Type: ACL; Schema: storage; Owner: supabase_storage_admin
--

GRANT ALL ON FUNCTION storage.operation() TO postgres;


--
-- Name: FUNCTION search(prefix text, bucketname text, limits integer, levels integer, offsets integer, search text, sortcolumn text, sortorder text); Type: ACL; Schema: storage; Owner: supabase_storage_admin
--

GRANT ALL ON FUNCTION storage.search(prefix text, bucketname text, limits integer, levels integer, offsets integer, search text, sortcolumn text, sortorder text) TO postgres;


--
-- Name: FUNCTION update_updated_at_column(); Type: ACL; Schema: storage; Owner: supabase_storage_admin
--

GRANT ALL ON FUNCTION storage.update_updated_at_column() TO postgres;


--
-- Name: TABLE audit_log_entries; Type: ACL; Schema: auth; Owner: supabase_auth_admin
--

GRANT ALL ON TABLE auth.audit_log_entries TO dashboard_user;
GRANT INSERT,REFERENCES,DELETE,TRIGGER,TRUNCATE,UPDATE ON TABLE auth.audit_log_entries TO postgres;
GRANT SELECT ON TABLE auth.audit_log_entries TO postgres WITH GRANT OPTION;


--
-- Name: TABLE flow_state; Type: ACL; Schema: auth; Owner: supabase_auth_admin
--

GRANT INSERT,REFERENCES,DELETE,TRIGGER,TRUNCATE,UPDATE ON TABLE auth.flow_state TO postgres;
GRANT SELECT ON TABLE auth.flow_state TO postgres WITH GRANT OPTION;
GRANT ALL ON TABLE auth.flow_state TO dashboard_user;


--
-- Name: TABLE identities; Type: ACL; Schema: auth; Owner: supabase_auth_admin
--

GRANT INSERT,REFERENCES,DELETE,TRIGGER,TRUNCATE,UPDATE ON TABLE auth.identities TO postgres;
GRANT SELECT ON TABLE auth.identities TO postgres WITH GRANT OPTION;
GRANT ALL ON TABLE auth.identities TO dashboard_user;


--
-- Name: TABLE instances; Type: ACL; Schema: auth; Owner: supabase_auth_admin
--

GRANT ALL ON TABLE auth.instances TO dashboard_user;
GRANT INSERT,REFERENCES,DELETE,TRIGGER,TRUNCATE,UPDATE ON TABLE auth.instances TO postgres;
GRANT SELECT ON TABLE auth.instances TO postgres WITH GRANT OPTION;


--
-- Name: TABLE mfa_amr_claims; Type: ACL; Schema: auth; Owner: supabase_auth_admin
--

GRANT INSERT,REFERENCES,DELETE,TRIGGER,TRUNCATE,UPDATE ON TABLE auth.mfa_amr_claims TO postgres;
GRANT SELECT ON TABLE auth.mfa_amr_claims TO postgres WITH GRANT OPTION;
GRANT ALL ON TABLE auth.mfa_amr_claims TO dashboard_user;


--
-- Name: TABLE mfa_challenges; Type: ACL; Schema: auth; Owner: supabase_auth_admin
--

GRANT INSERT,REFERENCES,DELETE,TRIGGER,TRUNCATE,UPDATE ON TABLE auth.mfa_challenges TO postgres;
GRANT SELECT ON TABLE auth.mfa_challenges TO postgres WITH GRANT OPTION;
GRANT ALL ON TABLE auth.mfa_challenges TO dashboard_user;


--
-- Name: TABLE mfa_factors; Type: ACL; Schema: auth; Owner: supabase_auth_admin
--

GRANT INSERT,REFERENCES,DELETE,TRIGGER,TRUNCATE,UPDATE ON TABLE auth.mfa_factors TO postgres;
GRANT SELECT ON TABLE auth.mfa_factors TO postgres WITH GRANT OPTION;
GRANT ALL ON TABLE auth.mfa_factors TO dashboard_user;


--
-- Name: TABLE one_time_tokens; Type: ACL; Schema: auth; Owner: supabase_auth_admin
--

GRANT INSERT,REFERENCES,DELETE,TRIGGER,TRUNCATE,UPDATE ON TABLE auth.one_time_tokens TO postgres;
GRANT SELECT ON TABLE auth.one_time_tokens TO postgres WITH GRANT OPTION;
GRANT ALL ON TABLE auth.one_time_tokens TO dashboard_user;


--
-- Name: TABLE refresh_tokens; Type: ACL; Schema: auth; Owner: supabase_auth_admin
--

GRANT ALL ON TABLE auth.refresh_tokens TO dashboard_user;
GRANT INSERT,REFERENCES,DELETE,TRIGGER,TRUNCATE,UPDATE ON TABLE auth.refresh_tokens TO postgres;
GRANT SELECT ON TABLE auth.refresh_tokens TO postgres WITH GRANT OPTION;


--
-- Name: SEQUENCE refresh_tokens_id_seq; Type: ACL; Schema: auth; Owner: supabase_auth_admin
--

GRANT ALL ON SEQUENCE auth.refresh_tokens_id_seq TO dashboard_user;
GRANT ALL ON SEQUENCE auth.refresh_tokens_id_seq TO postgres;


--
-- Name: TABLE saml_providers; Type: ACL; Schema: auth; Owner: supabase_auth_admin
--

GRANT INSERT,REFERENCES,DELETE,TRIGGER,TRUNCATE,UPDATE ON TABLE auth.saml_providers TO postgres;
GRANT SELECT ON TABLE auth.saml_providers TO postgres WITH GRANT OPTION;
GRANT ALL ON TABLE auth.saml_providers TO dashboard_user;


--
-- Name: TABLE saml_relay_states; Type: ACL; Schema: auth; Owner: supabase_auth_admin
--

GRANT INSERT,REFERENCES,DELETE,TRIGGER,TRUNCATE,UPDATE ON TABLE auth.saml_relay_states TO postgres;
GRANT SELECT ON TABLE auth.saml_relay_states TO postgres WITH GRANT OPTION;
GRANT ALL ON TABLE auth.saml_relay_states TO dashboard_user;


--
-- Name: TABLE schema_migrations; Type: ACL; Schema: auth; Owner: supabase_auth_admin
--

GRANT ALL ON TABLE auth.schema_migrations TO dashboard_user;
GRANT INSERT,REFERENCES,DELETE,TRIGGER,TRUNCATE,UPDATE ON TABLE auth.schema_migrations TO postgres;
GRANT SELECT ON TABLE auth.schema_migrations TO postgres WITH GRANT OPTION;


--
-- Name: TABLE sessions; Type: ACL; Schema: auth; Owner: supabase_auth_admin
--

GRANT INSERT,REFERENCES,DELETE,TRIGGER,TRUNCATE,UPDATE ON TABLE auth.sessions TO postgres;
GRANT SELECT ON TABLE auth.sessions TO postgres WITH GRANT OPTION;
GRANT ALL ON TABLE auth.sessions TO dashboard_user;


--
-- Name: TABLE sso_domains; Type: ACL; Schema: auth; Owner: supabase_auth_admin
--

GRANT INSERT,REFERENCES,DELETE,TRIGGER,TRUNCATE,UPDATE ON TABLE auth.sso_domains TO postgres;
GRANT SELECT ON TABLE auth.sso_domains TO postgres WITH GRANT OPTION;
GRANT ALL ON TABLE auth.sso_domains TO dashboard_user;


--
-- Name: TABLE sso_providers; Type: ACL; Schema: auth; Owner: supabase_auth_admin
--

GRANT INSERT,REFERENCES,DELETE,TRIGGER,TRUNCATE,UPDATE ON TABLE auth.sso_providers TO postgres;
GRANT SELECT ON TABLE auth.sso_providers TO postgres WITH GRANT OPTION;
GRANT ALL ON TABLE auth.sso_providers TO dashboard_user;


--
-- Name: TABLE users; Type: ACL; Schema: auth; Owner: supabase_auth_admin
--

GRANT ALL ON TABLE auth.users TO dashboard_user;
GRANT INSERT,REFERENCES,DELETE,TRIGGER,TRUNCATE,UPDATE ON TABLE auth.users TO postgres;
GRANT SELECT ON TABLE auth.users TO postgres WITH GRANT OPTION;


--
-- Name: TABLE pg_stat_statements; Type: ACL; Schema: extensions; Owner: supabase_admin
--

GRANT ALL ON TABLE extensions.pg_stat_statements TO postgres WITH GRANT OPTION;
GRANT ALL ON TABLE extensions.pg_stat_statements TO dashboard_user;


--
-- Name: TABLE pg_stat_statements_info; Type: ACL; Schema: extensions; Owner: supabase_admin
--

GRANT ALL ON TABLE extensions.pg_stat_statements_info TO postgres WITH GRANT OPTION;
GRANT ALL ON TABLE extensions.pg_stat_statements_info TO dashboard_user;


--
-- Name: TABLE decrypted_key; Type: ACL; Schema: pgsodium; Owner: supabase_admin
--

GRANT ALL ON TABLE pgsodium.decrypted_key TO pgsodium_keyholder;


--
-- Name: TABLE masking_rule; Type: ACL; Schema: pgsodium; Owner: supabase_admin
--

GRANT ALL ON TABLE pgsodium.masking_rule TO pgsodium_keyholder;


--
-- Name: TABLE mask_columns; Type: ACL; Schema: pgsodium; Owner: supabase_admin
--

GRANT ALL ON TABLE pgsodium.mask_columns TO pgsodium_keyholder;


--
-- Name: TABLE experiences; Type: ACL; Schema: public; Owner: postgres
--

GRANT ALL ON TABLE public.experiences TO anon;
GRANT ALL ON TABLE public.experiences TO authenticated;
GRANT ALL ON TABLE public.experiences TO service_role;


--
-- Name: SEQUENCE experiences_id_seq; Type: ACL; Schema: public; Owner: postgres
--

GRANT ALL ON SEQUENCE public.experiences_id_seq TO anon;
GRANT ALL ON SEQUENCE public.experiences_id_seq TO authenticated;
GRANT ALL ON SEQUENCE public.experiences_id_seq TO service_role;


--
-- Name: TABLE media; Type: ACL; Schema: public; Owner: postgres
--

GRANT ALL ON TABLE public.media TO anon;
GRANT ALL ON TABLE public.media TO authenticated;
GRANT ALL ON TABLE public.media TO service_role;


--
-- Name: SEQUENCE media_id_seq; Type: ACL; Schema: public; Owner: postgres
--

GRANT ALL ON SEQUENCE public.media_id_seq TO anon;
GRANT ALL ON SEQUENCE public.media_id_seq TO authenticated;
GRANT ALL ON SEQUENCE public.media_id_seq TO service_role;


--
-- Name: TABLE pages; Type: ACL; Schema: public; Owner: postgres
--

GRANT ALL ON TABLE public.pages TO anon;
GRANT ALL ON TABLE public.pages TO authenticated;
GRANT ALL ON TABLE public.pages TO service_role;


--
-- Name: SEQUENCE pages_id_seq; Type: ACL; Schema: public; Owner: postgres
--

GRANT ALL ON SEQUENCE public.pages_id_seq TO anon;
GRANT ALL ON SEQUENCE public.pages_id_seq TO authenticated;
GRANT ALL ON SEQUENCE public.pages_id_seq TO service_role;


--
-- Name: TABLE payload_migrations; Type: ACL; Schema: public; Owner: postgres
--

GRANT ALL ON TABLE public.payload_migrations TO anon;
GRANT ALL ON TABLE public.payload_migrations TO authenticated;
GRANT ALL ON TABLE public.payload_migrations TO service_role;


--
-- Name: SEQUENCE payload_migrations_id_seq; Type: ACL; Schema: public; Owner: postgres
--

GRANT ALL ON SEQUENCE public.payload_migrations_id_seq TO anon;
GRANT ALL ON SEQUENCE public.payload_migrations_id_seq TO authenticated;
GRANT ALL ON SEQUENCE public.payload_migrations_id_seq TO service_role;


--
-- Name: TABLE payload_preferences; Type: ACL; Schema: public; Owner: postgres
--

GRANT ALL ON TABLE public.payload_preferences TO anon;
GRANT ALL ON TABLE public.payload_preferences TO authenticated;
GRANT ALL ON TABLE public.payload_preferences TO service_role;


--
-- Name: SEQUENCE payload_preferences_id_seq; Type: ACL; Schema: public; Owner: postgres
--

GRANT ALL ON SEQUENCE public.payload_preferences_id_seq TO anon;
GRANT ALL ON SEQUENCE public.payload_preferences_id_seq TO authenticated;
GRANT ALL ON SEQUENCE public.payload_preferences_id_seq TO service_role;


--
-- Name: TABLE payload_preferences_rels; Type: ACL; Schema: public; Owner: postgres
--

GRANT ALL ON TABLE public.payload_preferences_rels TO anon;
GRANT ALL ON TABLE public.payload_preferences_rels TO authenticated;
GRANT ALL ON TABLE public.payload_preferences_rels TO service_role;


--
-- Name: SEQUENCE payload_preferences_rels_id_seq; Type: ACL; Schema: public; Owner: postgres
--

GRANT ALL ON SEQUENCE public.payload_preferences_rels_id_seq TO anon;
GRANT ALL ON SEQUENCE public.payload_preferences_rels_id_seq TO authenticated;
GRANT ALL ON SEQUENCE public.payload_preferences_rels_id_seq TO service_role;


--
-- Name: TABLE projects; Type: ACL; Schema: public; Owner: postgres
--

GRANT ALL ON TABLE public.projects TO anon;
GRANT ALL ON TABLE public.projects TO authenticated;
GRANT ALL ON TABLE public.projects TO service_role;


--
-- Name: SEQUENCE projects_id_seq; Type: ACL; Schema: public; Owner: postgres
--

GRANT ALL ON SEQUENCE public.projects_id_seq TO anon;
GRANT ALL ON SEQUENCE public.projects_id_seq TO authenticated;
GRANT ALL ON SEQUENCE public.projects_id_seq TO service_role;


--
-- Name: TABLE projects_tags; Type: ACL; Schema: public; Owner: postgres
--

GRANT ALL ON TABLE public.projects_tags TO anon;
GRANT ALL ON TABLE public.projects_tags TO authenticated;
GRANT ALL ON TABLE public.projects_tags TO service_role;


--
-- Name: TABLE skills; Type: ACL; Schema: public; Owner: postgres
--

GRANT ALL ON TABLE public.skills TO anon;
GRANT ALL ON TABLE public.skills TO authenticated;
GRANT ALL ON TABLE public.skills TO service_role;


--
-- Name: SEQUENCE skills_id_seq; Type: ACL; Schema: public; Owner: postgres
--

GRANT ALL ON SEQUENCE public.skills_id_seq TO anon;
GRANT ALL ON SEQUENCE public.skills_id_seq TO authenticated;
GRANT ALL ON SEQUENCE public.skills_id_seq TO service_role;


--
-- Name: TABLE users; Type: ACL; Schema: public; Owner: postgres
--

GRANT ALL ON TABLE public.users TO anon;
GRANT ALL ON TABLE public.users TO authenticated;
GRANT ALL ON TABLE public.users TO service_role;


--
-- Name: SEQUENCE users_id_seq; Type: ACL; Schema: public; Owner: postgres
--

GRANT ALL ON SEQUENCE public.users_id_seq TO anon;
GRANT ALL ON SEQUENCE public.users_id_seq TO authenticated;
GRANT ALL ON SEQUENCE public.users_id_seq TO service_role;


--
-- Name: TABLE messages; Type: ACL; Schema: realtime; Owner: supabase_realtime_admin
--

GRANT ALL ON TABLE realtime.messages TO postgres;
GRANT ALL ON TABLE realtime.messages TO dashboard_user;
GRANT SELECT,INSERT,UPDATE ON TABLE realtime.messages TO anon;
GRANT SELECT,INSERT,UPDATE ON TABLE realtime.messages TO authenticated;
GRANT SELECT,INSERT,UPDATE ON TABLE realtime.messages TO service_role;


--
-- Name: SEQUENCE messages_id_seq; Type: ACL; Schema: realtime; Owner: supabase_realtime_admin
--

GRANT ALL ON SEQUENCE realtime.messages_id_seq TO postgres;
GRANT ALL ON SEQUENCE realtime.messages_id_seq TO dashboard_user;
GRANT USAGE ON SEQUENCE realtime.messages_id_seq TO anon;
GRANT USAGE ON SEQUENCE realtime.messages_id_seq TO authenticated;
GRANT USAGE ON SEQUENCE realtime.messages_id_seq TO service_role;


--
-- Name: TABLE schema_migrations; Type: ACL; Schema: realtime; Owner: supabase_admin
--

GRANT ALL ON TABLE realtime.schema_migrations TO postgres;
GRANT ALL ON TABLE realtime.schema_migrations TO dashboard_user;
GRANT SELECT ON TABLE realtime.schema_migrations TO anon;
GRANT SELECT ON TABLE realtime.schema_migrations TO authenticated;
GRANT SELECT ON TABLE realtime.schema_migrations TO service_role;
GRANT ALL ON TABLE realtime.schema_migrations TO supabase_realtime_admin;


--
-- Name: TABLE subscription; Type: ACL; Schema: realtime; Owner: supabase_admin
--

GRANT ALL ON TABLE realtime.subscription TO postgres;
GRANT ALL ON TABLE realtime.subscription TO dashboard_user;
GRANT SELECT ON TABLE realtime.subscription TO anon;
GRANT SELECT ON TABLE realtime.subscription TO authenticated;
GRANT SELECT ON TABLE realtime.subscription TO service_role;
GRANT ALL ON TABLE realtime.subscription TO supabase_realtime_admin;


--
-- Name: SEQUENCE subscription_id_seq; Type: ACL; Schema: realtime; Owner: supabase_admin
--

GRANT ALL ON SEQUENCE realtime.subscription_id_seq TO postgres;
GRANT ALL ON SEQUENCE realtime.subscription_id_seq TO dashboard_user;
GRANT USAGE ON SEQUENCE realtime.subscription_id_seq TO anon;
GRANT USAGE ON SEQUENCE realtime.subscription_id_seq TO authenticated;
GRANT USAGE ON SEQUENCE realtime.subscription_id_seq TO service_role;
GRANT ALL ON SEQUENCE realtime.subscription_id_seq TO supabase_realtime_admin;


--
-- Name: TABLE buckets; Type: ACL; Schema: storage; Owner: supabase_storage_admin
--

GRANT ALL ON TABLE storage.buckets TO anon;
GRANT ALL ON TABLE storage.buckets TO authenticated;
GRANT ALL ON TABLE storage.buckets TO service_role;
GRANT ALL ON TABLE storage.buckets TO postgres;


--
-- Name: TABLE migrations; Type: ACL; Schema: storage; Owner: supabase_storage_admin
--

GRANT ALL ON TABLE storage.migrations TO anon;
GRANT ALL ON TABLE storage.migrations TO authenticated;
GRANT ALL ON TABLE storage.migrations TO service_role;
GRANT ALL ON TABLE storage.migrations TO postgres;


--
-- Name: TABLE objects; Type: ACL; Schema: storage; Owner: supabase_storage_admin
--

GRANT ALL ON TABLE storage.objects TO anon;
GRANT ALL ON TABLE storage.objects TO authenticated;
GRANT ALL ON TABLE storage.objects TO service_role;
GRANT ALL ON TABLE storage.objects TO postgres;


--
-- Name: TABLE s3_multipart_uploads; Type: ACL; Schema: storage; Owner: supabase_storage_admin
--

GRANT ALL ON TABLE storage.s3_multipart_uploads TO service_role;
GRANT SELECT ON TABLE storage.s3_multipart_uploads TO authenticated;
GRANT SELECT ON TABLE storage.s3_multipart_uploads TO anon;
GRANT ALL ON TABLE storage.s3_multipart_uploads TO postgres;


--
-- Name: TABLE s3_multipart_uploads_parts; Type: ACL; Schema: storage; Owner: supabase_storage_admin
--

GRANT ALL ON TABLE storage.s3_multipart_uploads_parts TO service_role;
GRANT SELECT ON TABLE storage.s3_multipart_uploads_parts TO authenticated;
GRANT SELECT ON TABLE storage.s3_multipart_uploads_parts TO anon;
GRANT ALL ON TABLE storage.s3_multipart_uploads_parts TO postgres;


--
-- Name: DEFAULT PRIVILEGES FOR SEQUENCES; Type: DEFAULT ACL; Schema: auth; Owner: supabase_auth_admin
--

ALTER DEFAULT PRIVILEGES FOR ROLE supabase_auth_admin IN SCHEMA auth GRANT ALL ON SEQUENCES  TO postgres;
ALTER DEFAULT PRIVILEGES FOR ROLE supabase_auth_admin IN SCHEMA auth GRANT ALL ON SEQUENCES  TO dashboard_user;


--
-- Name: DEFAULT PRIVILEGES FOR FUNCTIONS; Type: DEFAULT ACL; Schema: auth; Owner: supabase_auth_admin
--

ALTER DEFAULT PRIVILEGES FOR ROLE supabase_auth_admin IN SCHEMA auth GRANT ALL ON FUNCTIONS  TO postgres;
ALTER DEFAULT PRIVILEGES FOR ROLE supabase_auth_admin IN SCHEMA auth GRANT ALL ON FUNCTIONS  TO dashboard_user;


--
-- Name: DEFAULT PRIVILEGES FOR TABLES; Type: DEFAULT ACL; Schema: auth; Owner: supabase_auth_admin
--

ALTER DEFAULT PRIVILEGES FOR ROLE supabase_auth_admin IN SCHEMA auth GRANT ALL ON TABLES  TO postgres;
ALTER DEFAULT PRIVILEGES FOR ROLE supabase_auth_admin IN SCHEMA auth GRANT ALL ON TABLES  TO dashboard_user;


--
-- Name: DEFAULT PRIVILEGES FOR SEQUENCES; Type: DEFAULT ACL; Schema: extensions; Owner: supabase_admin
--

ALTER DEFAULT PRIVILEGES FOR ROLE supabase_admin IN SCHEMA extensions GRANT ALL ON SEQUENCES  TO postgres WITH GRANT OPTION;


--
-- Name: DEFAULT PRIVILEGES FOR FUNCTIONS; Type: DEFAULT ACL; Schema: extensions; Owner: supabase_admin
--

ALTER DEFAULT PRIVILEGES FOR ROLE supabase_admin IN SCHEMA extensions GRANT ALL ON FUNCTIONS  TO postgres WITH GRANT OPTION;


--
-- Name: DEFAULT PRIVILEGES FOR TABLES; Type: DEFAULT ACL; Schema: extensions; Owner: supabase_admin
--

ALTER DEFAULT PRIVILEGES FOR ROLE supabase_admin IN SCHEMA extensions GRANT ALL ON TABLES  TO postgres WITH GRANT OPTION;


--
-- Name: DEFAULT PRIVILEGES FOR SEQUENCES; Type: DEFAULT ACL; Schema: graphql; Owner: supabase_admin
--

ALTER DEFAULT PRIVILEGES FOR ROLE supabase_admin IN SCHEMA graphql GRANT ALL ON SEQUENCES  TO postgres;
ALTER DEFAULT PRIVILEGES FOR ROLE supabase_admin IN SCHEMA graphql GRANT ALL ON SEQUENCES  TO anon;
ALTER DEFAULT PRIVILEGES FOR ROLE supabase_admin IN SCHEMA graphql GRANT ALL ON SEQUENCES  TO authenticated;
ALTER DEFAULT PRIVILEGES FOR ROLE supabase_admin IN SCHEMA graphql GRANT ALL ON SEQUENCES  TO service_role;


--
-- Name: DEFAULT PRIVILEGES FOR FUNCTIONS; Type: DEFAULT ACL; Schema: graphql; Owner: supabase_admin
--

ALTER DEFAULT PRIVILEGES FOR ROLE supabase_admin IN SCHEMA graphql GRANT ALL ON FUNCTIONS  TO postgres;
ALTER DEFAULT PRIVILEGES FOR ROLE supabase_admin IN SCHEMA graphql GRANT ALL ON FUNCTIONS  TO anon;
ALTER DEFAULT PRIVILEGES FOR ROLE supabase_admin IN SCHEMA graphql GRANT ALL ON FUNCTIONS  TO authenticated;
ALTER DEFAULT PRIVILEGES FOR ROLE supabase_admin IN SCHEMA graphql GRANT ALL ON FUNCTIONS  TO service_role;


--
-- Name: DEFAULT PRIVILEGES FOR TABLES; Type: DEFAULT ACL; Schema: graphql; Owner: supabase_admin
--

ALTER DEFAULT PRIVILEGES FOR ROLE supabase_admin IN SCHEMA graphql GRANT ALL ON TABLES  TO postgres;
ALTER DEFAULT PRIVILEGES FOR ROLE supabase_admin IN SCHEMA graphql GRANT ALL ON TABLES  TO anon;
ALTER DEFAULT PRIVILEGES FOR ROLE supabase_admin IN SCHEMA graphql GRANT ALL ON TABLES  TO authenticated;
ALTER DEFAULT PRIVILEGES FOR ROLE supabase_admin IN SCHEMA graphql GRANT ALL ON TABLES  TO service_role;


--
-- Name: DEFAULT PRIVILEGES FOR SEQUENCES; Type: DEFAULT ACL; Schema: graphql_public; Owner: supabase_admin
--

ALTER DEFAULT PRIVILEGES FOR ROLE supabase_admin IN SCHEMA graphql_public GRANT ALL ON SEQUENCES  TO postgres;
ALTER DEFAULT PRIVILEGES FOR ROLE supabase_admin IN SCHEMA graphql_public GRANT ALL ON SEQUENCES  TO anon;
ALTER DEFAULT PRIVILEGES FOR ROLE supabase_admin IN SCHEMA graphql_public GRANT ALL ON SEQUENCES  TO authenticated;
ALTER DEFAULT PRIVILEGES FOR ROLE supabase_admin IN SCHEMA graphql_public GRANT ALL ON SEQUENCES  TO service_role;


--
-- Name: DEFAULT PRIVILEGES FOR FUNCTIONS; Type: DEFAULT ACL; Schema: graphql_public; Owner: supabase_admin
--

ALTER DEFAULT PRIVILEGES FOR ROLE supabase_admin IN SCHEMA graphql_public GRANT ALL ON FUNCTIONS  TO postgres;
ALTER DEFAULT PRIVILEGES FOR ROLE supabase_admin IN SCHEMA graphql_public GRANT ALL ON FUNCTIONS  TO anon;
ALTER DEFAULT PRIVILEGES FOR ROLE supabase_admin IN SCHEMA graphql_public GRANT ALL ON FUNCTIONS  TO authenticated;
ALTER DEFAULT PRIVILEGES FOR ROLE supabase_admin IN SCHEMA graphql_public GRANT ALL ON FUNCTIONS  TO service_role;


--
-- Name: DEFAULT PRIVILEGES FOR TABLES; Type: DEFAULT ACL; Schema: graphql_public; Owner: supabase_admin
--

ALTER DEFAULT PRIVILEGES FOR ROLE supabase_admin IN SCHEMA graphql_public GRANT ALL ON TABLES  TO postgres;
ALTER DEFAULT PRIVILEGES FOR ROLE supabase_admin IN SCHEMA graphql_public GRANT ALL ON TABLES  TO anon;
ALTER DEFAULT PRIVILEGES FOR ROLE supabase_admin IN SCHEMA graphql_public GRANT ALL ON TABLES  TO authenticated;
ALTER DEFAULT PRIVILEGES FOR ROLE supabase_admin IN SCHEMA graphql_public GRANT ALL ON TABLES  TO service_role;


--
-- Name: DEFAULT PRIVILEGES FOR SEQUENCES; Type: DEFAULT ACL; Schema: pgsodium; Owner: supabase_admin
--

ALTER DEFAULT PRIVILEGES FOR ROLE supabase_admin IN SCHEMA pgsodium GRANT ALL ON SEQUENCES  TO pgsodium_keyholder;


--
-- Name: DEFAULT PRIVILEGES FOR TABLES; Type: DEFAULT ACL; Schema: pgsodium; Owner: supabase_admin
--

ALTER DEFAULT PRIVILEGES FOR ROLE supabase_admin IN SCHEMA pgsodium GRANT ALL ON TABLES  TO pgsodium_keyholder;


--
-- Name: DEFAULT PRIVILEGES FOR SEQUENCES; Type: DEFAULT ACL; Schema: pgsodium_masks; Owner: supabase_admin
--

ALTER DEFAULT PRIVILEGES FOR ROLE supabase_admin IN SCHEMA pgsodium_masks GRANT ALL ON SEQUENCES  TO pgsodium_keyiduser;


--
-- Name: DEFAULT PRIVILEGES FOR FUNCTIONS; Type: DEFAULT ACL; Schema: pgsodium_masks; Owner: supabase_admin
--

ALTER DEFAULT PRIVILEGES FOR ROLE supabase_admin IN SCHEMA pgsodium_masks GRANT ALL ON FUNCTIONS  TO pgsodium_keyiduser;


--
-- Name: DEFAULT PRIVILEGES FOR TABLES; Type: DEFAULT ACL; Schema: pgsodium_masks; Owner: supabase_admin
--

ALTER DEFAULT PRIVILEGES FOR ROLE supabase_admin IN SCHEMA pgsodium_masks GRANT ALL ON TABLES  TO pgsodium_keyiduser;


--
-- Name: DEFAULT PRIVILEGES FOR SEQUENCES; Type: DEFAULT ACL; Schema: public; Owner: postgres
--

ALTER DEFAULT PRIVILEGES FOR ROLE postgres IN SCHEMA public GRANT ALL ON SEQUENCES  TO postgres;
ALTER DEFAULT PRIVILEGES FOR ROLE postgres IN SCHEMA public GRANT ALL ON SEQUENCES  TO anon;
ALTER DEFAULT PRIVILEGES FOR ROLE postgres IN SCHEMA public GRANT ALL ON SEQUENCES  TO authenticated;
ALTER DEFAULT PRIVILEGES FOR ROLE postgres IN SCHEMA public GRANT ALL ON SEQUENCES  TO service_role;


--
-- Name: DEFAULT PRIVILEGES FOR SEQUENCES; Type: DEFAULT ACL; Schema: public; Owner: supabase_admin
--

ALTER DEFAULT PRIVILEGES FOR ROLE supabase_admin IN SCHEMA public GRANT ALL ON SEQUENCES  TO postgres;
ALTER DEFAULT PRIVILEGES FOR ROLE supabase_admin IN SCHEMA public GRANT ALL ON SEQUENCES  TO anon;
ALTER DEFAULT PRIVILEGES FOR ROLE supabase_admin IN SCHEMA public GRANT ALL ON SEQUENCES  TO authenticated;
ALTER DEFAULT PRIVILEGES FOR ROLE supabase_admin IN SCHEMA public GRANT ALL ON SEQUENCES  TO service_role;


--
-- Name: DEFAULT PRIVILEGES FOR FUNCTIONS; Type: DEFAULT ACL; Schema: public; Owner: postgres
--

ALTER DEFAULT PRIVILEGES FOR ROLE postgres IN SCHEMA public GRANT ALL ON FUNCTIONS  TO postgres;
ALTER DEFAULT PRIVILEGES FOR ROLE postgres IN SCHEMA public GRANT ALL ON FUNCTIONS  TO anon;
ALTER DEFAULT PRIVILEGES FOR ROLE postgres IN SCHEMA public GRANT ALL ON FUNCTIONS  TO authenticated;
ALTER DEFAULT PRIVILEGES FOR ROLE postgres IN SCHEMA public GRANT ALL ON FUNCTIONS  TO service_role;


--
-- Name: DEFAULT PRIVILEGES FOR FUNCTIONS; Type: DEFAULT ACL; Schema: public; Owner: supabase_admin
--

ALTER DEFAULT PRIVILEGES FOR ROLE supabase_admin IN SCHEMA public GRANT ALL ON FUNCTIONS  TO postgres;
ALTER DEFAULT PRIVILEGES FOR ROLE supabase_admin IN SCHEMA public GRANT ALL ON FUNCTIONS  TO anon;
ALTER DEFAULT PRIVILEGES FOR ROLE supabase_admin IN SCHEMA public GRANT ALL ON FUNCTIONS  TO authenticated;
ALTER DEFAULT PRIVILEGES FOR ROLE supabase_admin IN SCHEMA public GRANT ALL ON FUNCTIONS  TO service_role;


--
-- Name: DEFAULT PRIVILEGES FOR TABLES; Type: DEFAULT ACL; Schema: public; Owner: postgres
--

ALTER DEFAULT PRIVILEGES FOR ROLE postgres IN SCHEMA public GRANT ALL ON TABLES  TO postgres;
ALTER DEFAULT PRIVILEGES FOR ROLE postgres IN SCHEMA public GRANT ALL ON TABLES  TO anon;
ALTER DEFAULT PRIVILEGES FOR ROLE postgres IN SCHEMA public GRANT ALL ON TABLES  TO authenticated;
ALTER DEFAULT PRIVILEGES FOR ROLE postgres IN SCHEMA public GRANT ALL ON TABLES  TO service_role;


--
-- Name: DEFAULT PRIVILEGES FOR TABLES; Type: DEFAULT ACL; Schema: public; Owner: supabase_admin
--

ALTER DEFAULT PRIVILEGES FOR ROLE supabase_admin IN SCHEMA public GRANT ALL ON TABLES  TO postgres;
ALTER DEFAULT PRIVILEGES FOR ROLE supabase_admin IN SCHEMA public GRANT ALL ON TABLES  TO anon;
ALTER DEFAULT PRIVILEGES FOR ROLE supabase_admin IN SCHEMA public GRANT ALL ON TABLES  TO authenticated;
ALTER DEFAULT PRIVILEGES FOR ROLE supabase_admin IN SCHEMA public GRANT ALL ON TABLES  TO service_role;


--
-- Name: DEFAULT PRIVILEGES FOR SEQUENCES; Type: DEFAULT ACL; Schema: realtime; Owner: supabase_admin
--

ALTER DEFAULT PRIVILEGES FOR ROLE supabase_admin IN SCHEMA realtime GRANT ALL ON SEQUENCES  TO postgres;
ALTER DEFAULT PRIVILEGES FOR ROLE supabase_admin IN SCHEMA realtime GRANT ALL ON SEQUENCES  TO dashboard_user;


--
-- Name: DEFAULT PRIVILEGES FOR FUNCTIONS; Type: DEFAULT ACL; Schema: realtime; Owner: supabase_admin
--

ALTER DEFAULT PRIVILEGES FOR ROLE supabase_admin IN SCHEMA realtime GRANT ALL ON FUNCTIONS  TO postgres;
ALTER DEFAULT PRIVILEGES FOR ROLE supabase_admin IN SCHEMA realtime GRANT ALL ON FUNCTIONS  TO dashboard_user;


--
-- Name: DEFAULT PRIVILEGES FOR TABLES; Type: DEFAULT ACL; Schema: realtime; Owner: supabase_admin
--

ALTER DEFAULT PRIVILEGES FOR ROLE supabase_admin IN SCHEMA realtime GRANT ALL ON TABLES  TO postgres;
ALTER DEFAULT PRIVILEGES FOR ROLE supabase_admin IN SCHEMA realtime GRANT ALL ON TABLES  TO dashboard_user;


--
-- Name: DEFAULT PRIVILEGES FOR SEQUENCES; Type: DEFAULT ACL; Schema: storage; Owner: postgres
--

ALTER DEFAULT PRIVILEGES FOR ROLE postgres IN SCHEMA storage GRANT ALL ON SEQUENCES  TO postgres;
ALTER DEFAULT PRIVILEGES FOR ROLE postgres IN SCHEMA storage GRANT ALL ON SEQUENCES  TO anon;
ALTER DEFAULT PRIVILEGES FOR ROLE postgres IN SCHEMA storage GRANT ALL ON SEQUENCES  TO authenticated;
ALTER DEFAULT PRIVILEGES FOR ROLE postgres IN SCHEMA storage GRANT ALL ON SEQUENCES  TO service_role;


--
-- Name: DEFAULT PRIVILEGES FOR FUNCTIONS; Type: DEFAULT ACL; Schema: storage; Owner: postgres
--

ALTER DEFAULT PRIVILEGES FOR ROLE postgres IN SCHEMA storage GRANT ALL ON FUNCTIONS  TO postgres;
ALTER DEFAULT PRIVILEGES FOR ROLE postgres IN SCHEMA storage GRANT ALL ON FUNCTIONS  TO anon;
ALTER DEFAULT PRIVILEGES FOR ROLE postgres IN SCHEMA storage GRANT ALL ON FUNCTIONS  TO authenticated;
ALTER DEFAULT PRIVILEGES FOR ROLE postgres IN SCHEMA storage GRANT ALL ON FUNCTIONS  TO service_role;


--
-- Name: DEFAULT PRIVILEGES FOR TABLES; Type: DEFAULT ACL; Schema: storage; Owner: postgres
--

ALTER DEFAULT PRIVILEGES FOR ROLE postgres IN SCHEMA storage GRANT ALL ON TABLES  TO postgres;
ALTER DEFAULT PRIVILEGES FOR ROLE postgres IN SCHEMA storage GRANT ALL ON TABLES  TO anon;
ALTER DEFAULT PRIVILEGES FOR ROLE postgres IN SCHEMA storage GRANT ALL ON TABLES  TO authenticated;
ALTER DEFAULT PRIVILEGES FOR ROLE postgres IN SCHEMA storage GRANT ALL ON TABLES  TO service_role;


--
-- Name: issue_graphql_placeholder; Type: EVENT TRIGGER; Schema: -; Owner: supabase_admin
--

CREATE EVENT TRIGGER issue_graphql_placeholder ON sql_drop
         WHEN TAG IN ('DROP EXTENSION')
   EXECUTE FUNCTION extensions.set_graphql_placeholder();


ALTER EVENT TRIGGER issue_graphql_placeholder OWNER TO supabase_admin;

--
-- Name: issue_pg_cron_access; Type: EVENT TRIGGER; Schema: -; Owner: supabase_admin
--

CREATE EVENT TRIGGER issue_pg_cron_access ON ddl_command_end
         WHEN TAG IN ('CREATE EXTENSION')
   EXECUTE FUNCTION extensions.grant_pg_cron_access();


ALTER EVENT TRIGGER issue_pg_cron_access OWNER TO supabase_admin;

--
-- Name: issue_pg_graphql_access; Type: EVENT TRIGGER; Schema: -; Owner: supabase_admin
--

CREATE EVENT TRIGGER issue_pg_graphql_access ON ddl_command_end
         WHEN TAG IN ('CREATE FUNCTION')
   EXECUTE FUNCTION extensions.grant_pg_graphql_access();


ALTER EVENT TRIGGER issue_pg_graphql_access OWNER TO supabase_admin;

--
-- Name: issue_pg_net_access; Type: EVENT TRIGGER; Schema: -; Owner: postgres
--

CREATE EVENT TRIGGER issue_pg_net_access ON ddl_command_end
         WHEN TAG IN ('CREATE EXTENSION')
   EXECUTE FUNCTION extensions.grant_pg_net_access();


ALTER EVENT TRIGGER issue_pg_net_access OWNER TO postgres;

--
-- Name: pgrst_ddl_watch; Type: EVENT TRIGGER; Schema: -; Owner: supabase_admin
--

CREATE EVENT TRIGGER pgrst_ddl_watch ON ddl_command_end
   EXECUTE FUNCTION extensions.pgrst_ddl_watch();


ALTER EVENT TRIGGER pgrst_ddl_watch OWNER TO supabase_admin;

--
-- Name: pgrst_drop_watch; Type: EVENT TRIGGER; Schema: -; Owner: supabase_admin
--

CREATE EVENT TRIGGER pgrst_drop_watch ON sql_drop
   EXECUTE FUNCTION extensions.pgrst_drop_watch();


ALTER EVENT TRIGGER pgrst_drop_watch OWNER TO supabase_admin;

--
-- PostgreSQL database dump complete
--

--
-- PostgreSQL database cluster dump complete
--

